1,1,1,5,1,Content 1,,1,Sample Content,,2,,,,,
2,2,1,1,2,Content 2,,1,Sample Content,,2,,,,,
3,3,1,23,3,Content 3,,1,Sample Content,,2,,,,,
4,4,1,11,4,Content 4,,1,Sample Content,,2,,,,,
5,5,1,20,5,Content 5,,1,Sample Content,,2,,,,,
6,6,1,8,6,Content 6,,1,Sample Content,,2,,,,,
7,7,1,22,7,Content 7,,1,Sample Content,,2,,,,,
8,8,1,12,8,Content 8,,1,Sample Content,,2,,,,,
9,9,1,14,9,Content 9,,1,Sample Content,,2,,,,,
10,10,1,18,10,Content 10,,1,Sample Content,,2,,,,,
11,11,1,3,11,Content 11,,1,Sample Content,,2,,,,,
12,12,1,19,12,Content 12,,1,Sample Content,,2,,,,,
13,13,1,15,13,Content 13,,1,Sample Content,,2,,,,,
14,14,1,10,14,Content 14,,1,Sample Content,,2,,,,,
15,15,1,25,15,Content 15,,1,Sample Content,,2,,,,,
16,16,1,1,16,Content 16,,1,Sample Content,,2,,,,,
17,17,1,16,17,Content 17,,1,Sample Content,,2,,,,,
18,18,1,3,18,Content 18,,1,Sample Content,,2,,,,,
19,19,1,5,19,Content 19,,1,Sample Content,,2,,,,,
20,20,1,3,20,Content 20,,1,Sample Content,,2,,,,,
21,21,1,17,21,Content 21,,1,Sample Content,,2,,,,,
22,22,1,19,22,Content 22,,1,Sample Content,,2,,,,,
23,23,1,1,23,Content 23,,1,Sample Content,,2,,,,,
24,24,1,23,24,Content 24,,1,Sample Content,,2,,,,,
25,25,1,1,25,Content 25,,1,Sample Content,,2,,,,,
26,26,1,23,26,Content 26,,1,Sample Content,,2,,,,,
27,27,1,1,27,Content 27,,1,Sample Content,,2,,,,,
28,28,1,23,28,Content 28,,1,Sample Content,,2,,,,,
29,29,1,1,29,Content 29,,1,Sample Content,,2,,,,,
30,30,1,18,30,Content 30,,1,Sample Content,,2,,,,,
31,31,1,25,31,Content 31,,1,Sample Content,,2,,,,,
32,32,1,8,32,Content 32,,1,Sample Content,,2,,,,,
33,33,1,13,33,Content 33,,1,Sample Content,,2,,,,,
34,34,1,15,34,Content 34,,1,Sample Content,,2,,,,,
35,35,1,24,35,Content 35,,1,Sample Content,,2,,,,,
36,36,1,12,36,Content 36,,1,Sample Content,,2,,,,,
37,37,1,14,37,Content 37,,1,Sample Content,,2,,,,,
38,38,1,10,38,Content 38,,1,Sample Content,,2,,,,,
39,39,1,20,39,Content 39,,1,Sample Content,,2,,,,,
40,40,1,16,40,Content 40,,1,Sample Content,,2,,,,,
41,41,1,7,41,Content 41,,1,Sample Content,,2,,,,,
42,42,1,17,42,Content 42,,1,Sample Content,,2,,,,,
43,43,1,25,43,Content 43,,1,Sample Content,,2,,,,,
44,44,1,1,44,Content 44,,1,Sample Content,,2,,,,,
45,45,1,23,45,Content 45,,1,Sample Content,,2,,,,,
46,46,1,16,46,Content 46,,1,Sample Content,,2,,,,,
47,47,1,7,47,Content 47,,1,Sample Content,,2,,,,,
48,48,1,18,48,Content 48,,1,Sample Content,,2,,,,,
49,49,1,5,49,Content 49,,1,Sample Content,,2,,,,,
50,50,1,18,50,Content 50,,1,Sample Content,,2,,,,,
51,51,1,8,51,Content 51,,1,Sample Content,,2,,,,,
52,52,1,13,52,Content 52,,1,Sample Content,,2,,,,,
53,53,1,15,53,Content 53,,1,Sample Content,,2,,,,,
54,54,1,24,54,Content 54,,1,Sample Content,,2,,,,,
55,55,1,12,55,Content 55,,1,Sample Content,,2,,,,,
56,56,1,18,56,Content 56,,1,Sample Content,,2,,,,,
57,57,1,11,57,Content 57,,1,Sample Content,,2,,,,,
58,58,1,10,58,Content 58,,1,Sample Content,,2,,,,,
59,59,1,6,59,Content 59,,1,Sample Content,,2,,,,,
60,60,1,20,60,Content 60,,1,Sample Content,,2,,,,,
61,61,1,10,61,Content 61,,1,Sample Content,,2,,,,,
62,62,1,10,62,Content 62,,1,Sample Content,,2,,,,,
63,63,1,18,63,Content 63,,1,Sample Content,,2,,,,,
64,64,1,1,64,Content 64,,1,Sample Content,,2,,,,,
65,65,1,17,65,Content 65,,1,Sample Content,,2,,,,,
66,66,1,1,66,Content 66,,1,Sample Content,,2,,,,,
67,67,1,23,67,Content 67,,1,Sample Content,,2,,,,,
68,68,1,16,68,Content 68,,1,Sample Content,,2,,,,,
69,69,1,7,69,Content 69,,1,Sample Content,,2,,,,,
70,70,1,18,70,Content 70,,1,Sample Content,,2,,,,,
71,71,1,2,71,Content 71,,1,Sample Content,,2,,,,,
72,72,1,18,72,Content 72,,1,Sample Content,,2,,,,,
73,73,1,12,73,Content 73,,1,Sample Content,,2,,,,,
74,74,1,12,74,Content 74,,1,Sample Content,,2,,,,,
75,75,1,13,75,Content 75,,1,Sample Content,,2,,,,,
76,76,1,19,76,Content 76,,1,Sample Content,,2,,,,,
77,77,1,15,77,Content 77,,1,Sample Content,,2,,,,,
78,78,1,14,78,Content 78,,1,Sample Content,,2,,,,,
79,79,1,24,79,Content 79,,1,Sample Content,,2,,,,,
80,80,1,11,80,Content 80,,1,Sample Content,,2,,,,,
81,81,1,10,81,Content 81,,1,Sample Content,,2,,,,,
82,82,1,10,82,Content 82,,1,Sample Content,,2,,,,,
83,83,1,10,83,Content 83,,1,Sample Content,,2,,,,,
84,84,1,10,84,Content 84,,1,Sample Content,,2,,,,,
85,85,1,6,85,Content 85,,1,Sample Content,,2,,,,,
86,86,1,1,86,Content 86,,1,Sample Content,,2,,,,,
87,87,1,20,87,Content 87,,1,Sample Content,,2,,,,,
88,88,1,25,88,Content 88,,1,Sample Content,,2,,,,,
89,89,1,11,89,Content 89,,1,Sample Content,,2,,,,,
90,90,1,6,90,Content 90,,1,Sample Content,,2,,,,,
91,91,1,1,91,Content 91,,1,Sample Content,,2,,,,,
92,92,1,1,92,Content 92,,1,Sample Content,,2,,,,,
93,93,1,16,93,Content 93,,1,Sample Content,,2,,,,,
94,94,1,16,94,Content 94,,1,Sample Content,,2,,,,,
95,95,1,7,95,Content 95,,1,Sample Content,,2,,,,,
96,96,1,7,96,Content 96,,1,Sample Content,,2,,,,,
97,97,1,13,97,Content 97,,1,Sample Content,,2,,,,,
98,98,1,17,98,Content 98,,1,Sample Content,,2,,,,,
99,99,1,10,99,Content 99,,1,Sample Content,,2,,,,,
100,100,1,10,100,Content 100,,1,Sample Content,,2,,,,,
101,101,1,10,101,Content 101,,1,Sample Content,,2,,,,,
102,102,1,10,102,Content 102,,1,Sample Content,,2,,,,,
103,103,1,18,103,Content 103,,1,Sample Content,,2,,,,,
104,104,1,2,104,Content 104,,1,Sample Content,,2,,,,,
105,105,1,12,105,Content 105,,1,Sample Content,,2,,,,,
106,106,1,12,106,Content 106,,1,Sample Content,,2,,,,,
107,107,1,19,107,Content 107,,1,Sample Content,,2,,,,,
108,108,1,4,108,Content 108,,1,Sample Content,,2,,,,,
109,109,1,21,109,Content 109,,1,Sample Content,,2,,,,,
110,110,1,14,110,Content 110,,1,Sample Content,,2,,,,,
111,111,1,24,111,Content 111,,1,Sample Content,,2,,,,,
112,112,1,20,112,Content 112,,1,Sample Content,,2,,,,,
113,113,1,17,113,Content 113,,1,Sample Content,,2,,,,,
114,114,1,17,114,Content 114,,1,Sample Content,,2,,,,,
115,115,1,17,115,Content 115,,1,Sample Content,,2,,,,,
116,116,1,9,116,Content 116,,1,Sample Content,,2,,,,,
117,117,1,15,117,Content 117,,1,Sample Content,,2,,,,,
118,118,1,4,118,Content 118,,1,Sample Content,,2,,,,,
119,119,1,24,119,Content 119,,1,Sample Content,,2,,,,,
120,120,1,1,120,Content 120,,1,Sample Content,,2,,,,,
121,121,1,1,121,Content 121,,1,Sample Content,,2,,,,,
122,122,1,16,122,Content 122,,1,Sample Content,,2,,,,,
123,123,1,7,123,Content 123,,1,Sample Content,,2,,,,,
124,124,1,13,124,Content 124,,1,Sample Content,,2,,,,,
125,125,1,17,125,Content 125,,1,Sample Content,,2,,,,,
126,126,1,16,126,Content 126,,1,Sample Content,,2,,,,,
127,127,1,2,127,Content 127,,1,Sample Content,,2,,,,,
128,128,1,12,128,Content 128,,1,Sample Content,,2,,,,,
129,129,1,12,129,Content 129,,1,Sample Content,,2,,,,,
130,130,1,20,130,Content 130,,1,Sample Content,,2,,,,,
131,131,1,10,131,Content 131,,1,Sample Content,,2,,,,,
132,132,1,10,132,Content 132,,1,Sample Content,,2,,,,,
133,133,1,10,133,Content 133,,1,Sample Content,,2,,,,,
134,134,1,10,134,Content 134,,1,Sample Content,,2,,,,,
135,135,1,18,135,Content 135,,1,Sample Content,,2,,,,,
136,136,1,14,136,Content 136,,1,Sample Content,,2,,,,,
137,137,1,11,137,Content 137,,1,Sample Content,,2,,,,,
138,138,1,21,138,Content 138,,1,Sample Content,,2,,,,,
139,139,1,20,139,Content 139,,1,Sample Content,,2,,,,,
140,140,3,33,140,Content 140,,1,Sample Content,,2,,,,,
141,141,3,33,141,Content 141,,1,Sample Content,,2,,,,,
142,142,3,33,142,Content 142,,1,Sample Content,,2,,,,,
143,143,3,33,143,Content 143,,1,Sample Content,,2,,,,,
144,144,3,33,144,Content 144,,1,Sample Content,,2,,,,,
145,145,3,33,145,Content 145,,1,Sample Content,,2,,,,,
146,146,3,33,146,Content 146,,1,Sample Content,,2,,,,,
147,147,3,33,147,Content 147,,1,Sample Content,,2,,,,,
148,148,3,34,148,Content 148,,1,Sample Content,,2,,,,,
149,149,3,34,149,Content 149,,1,Sample Content,,2,,,,,
150,150,3,34,150,Content 150,,1,Sample Content,,2,,,,,
151,151,3,34,151,Content 151,,1,Sample Content,,2,,,,,
152,152,3,34,152,Content 152,,1,Sample Content,,2,,,,,
153,153,3,34,153,Content 153,,1,Sample Content,,2,,,,,
154,154,3,34,154,Content 154,,1,Sample Content,,2,,,,,
155,155,3,34,155,Content 155,,1,Sample Content,,2,,,,,
156,156,3,34,156,Content 156,,1,Sample Content,,2,,,,,
157,157,3,34,157,Content 157,,1,Sample Content,,2,,,,,
158,158,3,34,158,Content 158,,1,Sample Content,,2,,,,,
159,159,3,34,159,Content 159,,1,Sample Content,,2,,,,,
160,160,3,34,160,Content 160,,1,Sample Content,,2,,,,,
161,161,3,34,161,Content 161,,1,Sample Content,,2,,,,,
162,162,3,34,162,Content 162,,1,Sample Content,,2,,,,,
163,163,3,34,163,Content 163,,1,Sample Content,,2,,,,,
164,164,3,34,164,Content 164,,1,Sample Content,,2,,,,,
165,165,3,34,165,Content 165,,1,Sample Content,,2,,,,,
166,166,3,34,166,Content 166,,1,Sample Content,,2,,,,,
167,167,3,34,167,Content 167,,1,Sample Content,,2,,,,,
168,168,3,39,168,Content 168,,1,Sample Content,,2,,,,,
169,169,3,39,169,Content 169,,1,Sample Content,,2,,,,,
170,170,3,39,170,Content 170,,1,Sample Content,,2,,,,,
171,171,3,39,171,Content 171,,1,Sample Content,,2,,,,,
172,172,3,39,172,Content 172,,1,Sample Content,,2,,,,,
173,173,3,39,173,Content 173,,1,Sample Content,,2,,,,,
174,174,3,39,174,Content 174,,1,Sample Content,,2,,,,,
175,175,3,39,175,Content 175,,1,Sample Content,,2,,,,,
176,176,3,37,176,Content 176,,1,Sample Content,,2,,,,,
177,177,3,37,177,Content 177,,1,Sample Content,,2,,,,,
178,178,3,37,178,Content 178,,1,Sample Content,,2,,,,,
179,179,3,37,179,Content 179,,1,Sample Content,,2,,,,,
180,180,3,37,180,Content 180,,1,Sample Content,,2,,,,,
181,181,3,37,181,Content 181,,1,Sample Content,,2,,,,,
182,182,3,37,182,Content 182,,1,Sample Content,,2,,,,,
183,183,3,37,183,Content 183,,1,Sample Content,,2,,,,,
184,184,3,37,184,Content 184,,1,Sample Content,,2,,,,,
185,185,3,38,185,Content 185,,1,Sample Content,,2,,,,,
186,186,3,38,186,Content 186,,1,Sample Content,,2,,,,,
187,187,3,38,187,Content 187,,1,Sample Content,,2,,,,,
188,188,3,38,188,Content 188,,1,Sample Content,,2,,,,,
189,189,3,38,189,Content 189,,1,Sample Content,,2,,,,,
190,190,3,38,190,Content 190,,1,Sample Content,,2,,,,,
191,191,3,38,191,Content 191,,1,Sample Content,,2,,,,,
192,192,3,38,192,Content 192,,1,Sample Content,,2,,,,,
193,193,3,38,193,Content 193,,1,Sample Content,,2,,,,,
194,194,3,38,194,Content 194,,1,Sample Content,,2,,,,,
195,195,3,38,195,Content 195,,1,Sample Content,,2,,,,,
196,196,3,38,196,Content 196,,1,Sample Content,,2,,,,,
197,197,3,35,197,Content 197,,1,Sample Content,,2,,,,,
198,198,3,35,198,Content 198,,1,Sample Content,,2,,,,,
199,199,3,35,199,Content 199,,1,Sample Content,,2,,,,,
200,200,3,35,200,Content 200,,1,Sample Content,,2,,,,,
201,201,3,35,201,Content 201,,1,Sample Content,,2,,,,,
202,202,3,35,202,Content 202,,1,Sample Content,,2,,,,,
203,203,3,35,203,Content 203,,1,Sample Content,,2,,,,,
204,204,3,35,204,Content 204,,1,Sample Content,,2,,,,,
205,205,3,35,205,Content 205,,1,Sample Content,,2,,,,,
206,206,3,35,206,Content 206,,1,Sample Content,,2,,,,,
207,207,3,35,207,Content 207,,1,Sample Content,,2,,,,,
208,208,3,35,208,Content 208,,1,Sample Content,,2,,,,,
209,209,3,35,209,Content 209,,1,Sample Content,,2,,,,,
210,210,3,35,210,Content 210,,1,Sample Content,,2,,,,,
211,211,3,35,211,Content 211,,1,Sample Content,,2,,,,,
212,212,3,36,212,Content 212,,1,Sample Content,,2,,,,,
213,213,3,36,213,Content 213,,1,Sample Content,,2,,,,,
214,214,3,36,214,Content 214,,1,Sample Content,,2,,,,,
215,215,3,36,215,Content 215,,1,Sample Content,,2,,,,,
216,216,3,36,216,Content 216,,1,Sample Content,,2,,,,,
217,217,3,36,217,Content 217,,1,Sample Content,,2,,,,,
218,218,3,36,218,Content 218,,1,Sample Content,,2,,,,,
219,219,3,36,219,Content 219,,1,Sample Content,,2,,,,,
220,220,3,36,220,Content 220,,1,Sample Content,,2,,,,,
221,221,3,36,221,Content 221,,1,Sample Content,,2,,,,,
222,222,3,36,222,Content 222,,1,Sample Content,,2,,,,,
223,223,3,36,223,Content 223,,1,Sample Content,,2,,,,,
224,224,2,26,224,Content 224,,1,Sample Content,,2,,,,,
225,225,2,26,225,Content 225,,1,Sample Content,,2,,,,,
226,226,2,26,226,Content 226,,1,Sample Content,,2,,,,,
227,227,2,27,227,Content 227,,1,Sample Content,,2,,,,,
228,228,2,27,228,Content 228,,1,Sample Content,,2,,,,,
229,229,2,26,229,Content 229,,1,Sample Content,,2,,,,,
230,230,2,32,230,Content 230,,1,Sample Content,,2,,,,,
231,231,2,28,231,Content 231,,1,Sample Content,,2,,,,,
232,232,2,31,232,Content 232,,1,Sample Content,,2,,,,,
233,233,2,28,233,Content 233,,1,Sample Content,,2,,,,,
234,234,2,35,234,Content 234,,1,Sample Content,,2,,,,,
235,235,2,31,235,Content 235,,1,Sample Content,,2,,,,,
236,236,2,29,236,Content 236,,1,Sample Content,,2,,,,,
237,237,2,29,237,Content 237,,1,Sample Content,,2,,,,,
238,238,2,29,238,Content 238,,1,Sample Content,,2,,,,,
239,239,2,31,239,Content 239,,1,Sample Content,,2,,,,,
240,240,2,31,240,Content 240,,1,Sample Content,,2,,,,,
241,241,2,31,241,Content 241,,1,Sample Content,,2,,,,,
242,242,2,33,242,Content 242,,1,Sample Content,,2,,,,,
243,243,2,29,243,Content 243,,1,Sample Content,,2,,,,,
244,244,2,36,244,Content 244,,1,Sample Content,,2,,,,,
245,245,2,33,245,Content 245,,1,Sample Content,,2,,,,,
246,246,2,31,246,Content 246,,1,Sample Content,,2,,,,,
247,247,2,33,247,Content 247,,1,Sample Content,,2,,,,,
248,248,2,26,248,Content 248,,1,Sample Content,,2,,,,,
249,249,2,26,249,Content 249,,1,Sample Content,,2,,,,,
250,250,2,26,250,Content 250,,1,Sample Content,,2,,,,,
251,251,2,26,251,Content 251,,1,Sample Content,,2,,,,,
252,252,2,32,252,Content 252,,1,Sample Content,,2,,,,,
253,253,2,31,253,Content 253,,1,Sample Content,,2,,,,,
254,254,2,32,254,Content 254,,1,Sample Content,,2,,,,,
255,255,2,32,255,Content 255,,1,Sample Content,,2,,,,,
256,256,2,32,256,Content 256,,1,Sample Content,,2,,,,,
257,257,2,32,257,Content 257,,1,Sample Content,,2,,,,,
258,258,2,32,258,Content 258,,1,Sample Content,,2,,,,,
259,259,2,32,259,Content 259,,1,Sample Content,,2,,,,,
260,260,2,27,260,Content 260,,1,Sample Content,,2,,,,,
261,261,2,27,261,Content 261,,1,Sample Content,,2,,,,,
262,262,2,27,262,Content 262,,1,Sample Content,,2,,,,,
263,263,2,28,263,Content 263,,1,Sample Content,,2,,,,,
264,264,2,28,264,Content 264,,1,Sample Content,,2,,,,,
265,265,2,28,265,Content 265,,1,Sample Content,,2,,,,,
266,266,2,28,266,Content 266,,1,Sample Content,,2,,,,,
267,267,2,27,267,Content 267,,1,Sample Content,,2,,,,,
268,268,2,29,268,Content 268,,1,Sample Content,,2,,,,,
269,269,2,29,269,Content 269,,1,Sample Content,,2,,,,,
270,270,2,29,270,Content 270,,1,Sample Content,,2,,,,,
271,271,2,29,271,Content 271,,1,Sample Content,,2,,,,,
272,272,2,35,272,Content 272,,1,Sample Content,,2,,,,,
273,273,2,35,273,Content 273,,1,Sample Content,,2,,,,,
274,274,2,36,274,Content 274,,1,Sample Content,,2,,,,,
275,275,2,33,275,Content 275,,1,Sample Content,,2,,,,,
276,276,2,31,276,Content 276,,1,Sample Content,,2,,,,,
277,277,2,33,277,Content 277,,1,Sample Content,,2,,,,,
278,278,2,26,278,Content 278,,1,Sample Content,,2,,,,,
279,279,2,26,279,Content 279,,1,Sample Content,,2,,,,,
280,280,2,26,280,Content 280,,1,Sample Content,,2,,,,,
281,281,2,26,281,Content 281,,1,Sample Content,,2,,,,,
282,282,2,32,282,Content 282,,1,Sample Content,,2,,,,,
283,283,2,31,283,Content 283,,1,Sample Content,,2,,,,,
284,284,2,32,284,Content 284,,1,Sample Content,,2,,,,,
285,285,2,32,285,Content 285,,1,Sample Content,,2,,,,,
286,286,2,32,286,Content 286,,1,Sample Content,,2,,,,,
287,287,2,32,287,Content 287,,1,Sample Content,,2,,,,,
288,288,2,32,288,Content 288,,1,Sample Content,,2,,,,,
289,289,2,32,289,Content 289,,1,Sample Content,,2,,,,,
290,290,2,27,290,Content 290,,1,Sample Content,,2,,,,,
291,291,2,27,291,Content 291,,1,Sample Content,,2,,,,,
292,292,2,27,292,Content 292,,1,Sample Content,,2,,,,,
293,293,2,28,293,Content 293,,1,Sample Content,,2,,,,,
294,294,2,28,294,Content 294,,1,Sample Content,,2,,,,,
295,295,2,28,295,Content 295,,1,Sample Content,,2,,,,,
296,296,2,28,296,Content 296,,1,Sample Content,,2,,,,,
297,297,2,28,297,Content 297,,1,Sample Content,,2,,,,,
298,298,2,28,298,Content 298,,1,Sample Content,,2,,,,,
299,299,2,31,299,Content 299,,1,Sample Content,,2,,,,,
300,300,2,27,300,Content 300,,1,Sample Content,,2,,,,,
301,301,2,31,301,Content 301,,1,Sample Content,,2,,,,,
302,302,2,31,302,Content 302,,1,Sample Content,,2,,,,,
303,303,2,29,303,Content 303,,1,Sample Content,,2,,,,,
304,304,2,29,304,Content 304,,1,Sample Content,,2,,,,,
305,305,2,29,305,Content 305,,1,Sample Content,,2,,,,,
306,306,2,29,306,Content 306,,1,Sample Content,,2,,,,,
307,307,2,29,307,Content 307,,1,Sample Content,,2,,,,,
308,308,2,35,308,Content 308,,1,Sample Content,,2,,,,,
309,309,2,35,309,Content 309,,1,Sample Content,,2,,,,,
310,310,2,36,310,Content 310,,1,Sample Content,,2,,,,,
311,311,2,35,311,Content 311,,1,Sample Content,,2,,,,,
312,312,2,36,312,Content 312,,1,Sample Content,,2,,,,,
313,313,2,36,313,Content 313,,1,Sample Content,,2,,,,,
314,314,2,36,314,Content 314,,1,Sample Content,,2,,,,,
315,315,2,36,315,Content 315,,1,Sample Content,,2,,,,,
316,316,2,36,316,Content 316,,1,Sample Content,,2,,,,,
317,317,2,35,317,Content 317,,1,Sample Content,,2,,,,,
318,318,2,30,318,Content 318,,1,Sample Content,,2,,,,,
319,319,2,33,319,Content 319,,1,Sample Content,,2,,,,,
320,320,2,31,320,Content 320,,1,Sample Content,,2,,,,,
321,321,2,33,321,Content 321,,1,Sample Content,,2,,,,,
322,322,2,26,322,Content 322,,1,Sample Content,,2,,,,,
323,323,2,26,323,Content 323,,1,Sample Content,,2,,,,,
324,324,2,26,324,Content 324,,1,Sample Content,,2,,,,,
325,325,2,26,325,Content 325,,1,Sample Content,,2,,,,,
326,326,2,32,326,Content 326,,1,Sample Content,,2,,,,,
327,327,2,31,327,Content 327,,1,Sample Content,,2,,,,,
328,328,2,31,328,Content 328,,1,Sample Content,,2,,,,,
329,329,2,31,329,Content 329,,1,Sample Content,,2,,,,,
330,330,2,31,330,Content 330,,1,Sample Content,,2,,,,,
331,331,2,31,331,Content 331,,1,Sample Content,,2,,,,,
332,332,2,31,332,Content 332,,1,Sample Content,,2,,,,,
333,333,2,32,333,Content 333,,1,Sample Content,,2,,,,,
334,334,2,31,334,Content 334,,1,Sample Content,,2,,,,,
335,335,2,31,335,Content 335,,1,Sample Content,,2,,,,,
336,336,2,31,336,Content 336,,1,Sample Content,,2,,,,,
337,337,2,27,337,Content 337,,1,Sample Content,,2,,,,,
338,338,2,27,338,Content 338,,1,Sample Content,,2,,,,,
339,339,2,27,339,Content 339,,1,Sample Content,,2,,,,,
340,340,2,27,340,Content 340,,1,Sample Content,,2,,,,,
341,341,2,28,341,Content 341,,1,Sample Content,,2,,,,,
342,342,2,28,342,Content 342,,1,Sample Content,,2,,,,,
343,343,2,28,343,Content 343,,1,Sample Content,,2,,,,,
344,344,2,28,344,Content 344,,1,Sample Content,,2,,,,,
345,345,2,28,345,Content 345,,1,Sample Content,,2,,,,,
346,346,2,28,346,Content 346,,1,Sample Content,,2,,,,,
347,347,2,31,347,Content 347,,1,Sample Content,,2,,,,,
348,348,2,27,348,Content 348,,1,Sample Content,,2,,,,,
349,349,2,31,349,Content 349,,1,Sample Content,,2,,,,,
350,350,2,31,350,Content 350,,1,Sample Content,,2,,,,,
351,351,2,29,351,Content 351,,1,Sample Content,,2,,,,,
352,352,2,29,352,Content 352,,1,Sample Content,,2,,,,,
353,353,2,29,353,Content 353,,1,Sample Content,,2,,,,,
354,354,2,29,354,Content 354,,1,Sample Content,,2,,,,,
355,355,2,37,355,Content 355,,1,Sample Content,,2,,,,,
356,356,2,35,356,Content 356,,1,Sample Content,,2,,,,,
357,357,2,35,357,Content 357,,1,Sample Content,,2,,,,,
358,358,2,36,358,Content 358,,1,Sample Content,,2,,,,,
359,359,2,35,359,Content 359,,1,Sample Content,,2,,,,,
360,360,2,36,360,Content 360,,1,Sample Content,,2,,,,,
361,361,2,36,361,Content 361,,1,Sample Content,,2,,,,,
362,362,2,36,362,Content 362,,1,Sample Content,,2,,,,,
363,363,2,36,363,Content 363,,1,Sample Content,,2,,,,,
364,364,2,36,364,Content 364,,1,Sample Content,,2,,,,,
365,365,2,35,365,Content 365,,1,Sample Content,,2,,,,,
366,366,2,30,366,Content 366,,1,Sample Content,,2,,,,,
367,367,2,30,367,Content 367,,1,Sample Content,,2,,,,,
368,368,2,33,368,Content 368,,1,Sample Content,,2,,,,,
369,369,2,31,369,Content 369,,1,Sample Content,,2,,,,,
370,370,2,33,370,Content 370,,1,Sample Content,,2,,,,,
371,371,2,33,371,Content 371,,1,Sample Content,,2,,,,,
372,372,2,26,372,Content 372,,1,Sample Content,,2,,,,,
373,373,2,26,373,Content 373,,1,Sample Content,,2,,,,,
374,374,2,26,374,Content 374,,1,Sample Content,,2,,,,,
375,375,2,31,375,Content 375,,1,Sample Content,,2,,,,,
376,376,2,31,376,Content 376,,1,Sample Content,,2,,,,,
377,377,2,31,377,Content 377,,1,Sample Content,,2,,,,,
378,378,2,32,378,Content 378,,1,Sample Content,,2,,,,,
379,379,2,31,379,Content 379,,1,Sample Content,,2,,,,,
380,380,2,31,380,Content 380,,1,Sample Content,,2,,,,,
381,381,2,31,381,Content 381,,1,Sample Content,,2,,,,,
382,382,2,27,382,Content 382,,1,Sample Content,,2,,,,,
383,383,2,27,383,Content 383,,1,Sample Content,,2,,,,,
384,384,2,27,384,Content 384,,1,Sample Content,,2,,,,,
385,385,2,27,385,Content 385,,1,Sample Content,,2,,,,,
386,386,2,28,386,Content 386,,1,Sample Content,,2,,,,,
387,387,2,28,387,Content 387,,1,Sample Content,,2,,,,,
388,388,2,28,388,Content 388,,1,Sample Content,,2,,,,,
389,389,2,28,389,Content 389,,1,Sample Content,,2,,,,,
390,390,2,31,390,Content 390,,1,Sample Content,,2,,,,,
391,391,2,27,391,Content 391,,1,Sample Content,,2,,,,,
392,392,2,31,392,Content 392,,1,Sample Content,,2,,,,,
393,393,2,31,393,Content 393,,1,Sample Content,,2,,,,,
394,394,2,31,394,Content 394,,1,Sample Content,,2,,,,,
395,395,2,29,395,Content 395,,1,Sample Content,,2,,,,,
396,396,2,29,396,Content 396,,1,Sample Content,,2,,,,,
397,397,2,29,397,Content 397,,1,Sample Content,,2,,,,,
398,398,2,36,398,Content 398,,1,Sample Content,,2,,,,,
399,399,2,35,399,Content 399,,1,Sample Content,,2,,,,,
400,400,2,36,400,Content 400,,1,Sample Content,,2,,,,,
401,401,2,35,401,Content 401,,1,Sample Content,,2,,,,,
402,402,2,35,402,Content 402,,1,Sample Content,,2,,,,,
403,403,2,36,403,Content 403,,1,Sample Content,,2,,,,,
404,404,2,36,404,Content 404,,1,Sample Content,,2,,,,,
405,405,2,36,405,Content 405,,1,Sample Content,,2,,,,,
406,406,2,36,406,Content 406,,1,Sample Content,,2,,,,,
407,407,2,36,407,Content 407,,1,Sample Content,,2,,,,,
408,408,2,35,408,Content 408,,1,Sample Content,,2,,,,,
409,409,2,35,409,Content 409,,1,Sample Content,,2,,,,,
410,410,2,30,410,Content 410,,1,Sample Content,,2,,,,,
411,411,2,37,411,Content 411,,1,Sample Content,,2,,,,,
412,412,2,29,412,Content 412,,1,Sample Content,,2,,,,,
413,413,2,37,413,Content 413,,1,Sample Content,,2,,,,,
414,414,2,29,414,Content 414,,1,Sample Content,,2,,,,,
415,415,2,29,415,Content 415,,1,Sample Content,,2,,,,,
416,416,2,29,416,Content 416,,1,Sample Content,,2,,,,,
417,417,2,29,417,Content 417,,1,Sample Content,,2,,,,,
418,418,2,29,418,Content 418,,1,Sample Content,,2,,,,,
419,419,2,37,419,Content 419,,1,Sample Content,,2,,,,,
420,420,2,33,420,Content 420,,1,Sample Content,,2,,,,,
421,421,2,31,421,Content 421,,1,Sample Content,,2,,,,,
422,422,2,33,422,Content 422,,1,Sample Content,,2,,,,,
423,423,2,33,423,Content 423,,1,Sample Content,,2,,,,,
424,424,2,27,424,Content 424,,1,Sample Content,,2,,,,,
425,425,2,27,425,Content 425,,1,Sample Content,,2,,,,,
426,426,2,31,426,Content 426,,1,Sample Content,,2,,,,,
427,427,2,31,427,Content 427,,1,Sample Content,,2,,,,,
428,428,2,26,428,Content 428,,1,Sample Content,,2,,,,,
429,429,2,26,429,Content 429,,1,Sample Content,,2,,,,,
430,430,2,26,430,Content 430,,1,Sample Content,,2,,,,,
431,431,2,27,431,Content 431,,1,Sample Content,,2,,,,,
432,432,2,27,432,Content 432,,1,Sample Content,,2,,,,,
433,433,2,27,433,Content 433,,1,Sample Content,,2,,,,,
434,434,2,27,434,Content 434,,1,Sample Content,,2,,,,,
435,435,2,31,435,Content 435,,1,Sample Content,,2,,,,,
436,436,2,32,436,Content 436,,1,Sample Content,,2,,,,,
437,437,2,31,437,Content 437,,1,Sample Content,,2,,,,,
438,438,2,31,438,Content 438,,1,Sample Content,,2,,,,,
439,439,2,32,439,Content 439,,1,Sample Content,,2,,,,,
440,440,2,31,440,Content 440,,1,Sample Content,,2,,,,,
441,441,2,28,441,Content 441,,1,Sample Content,,2,,,,,
442,442,2,27,442,Content 442,,1,Sample Content,,2,,,,,
443,443,2,28,443,Content 443,,1,Sample Content,,2,,,,,
444,444,2,28,444,Content 444,,1,Sample Content,,2,,,,,
445,445,2,28,445,Content 445,,1,Sample Content,,2,,,,,
446,446,2,28,446,Content 446,,1,Sample Content,,2,,,,,
447,447,2,27,447,Content 447,,1,Sample Content,,2,,,,,
448,448,2,31,448,Content 448,,1,Sample Content,,2,,,,,
449,449,2,31,449,Content 449,,1,Sample Content,,2,,,,,
450,450,2,31,450,Content 450,,1,Sample Content,,2,,,,,
451,451,2,31,451,Content 451,,1,Sample Content,,2,,,,,
452,452,2,36,452,Content 452,,1,Sample Content,,2,,,,,
453,453,2,35,453,Content 453,,1,Sample Content,,2,,,,,
454,454,2,36,454,Content 454,,1,Sample Content,,2,,,,,
455,455,2,35,455,Content 455,,1,Sample Content,,2,,,,,
456,456,2,35,456,Content 456,,1,Sample Content,,2,,,,,
457,457,2,35,457,Content 457,,1,Sample Content,,2,,,,,
458,458,2,36,458,Content 458,,1,Sample Content,,2,,,,,
459,459,2,36,459,Content 459,,1,Sample Content,,2,,,,,
460,460,2,36,460,Content 460,,1,Sample Content,,2,,,,,
461,461,2,36,461,Content 461,,1,Sample Content,,2,,,,,
462,462,2,35,462,Content 462,,1,Sample Content,,2,,,,,
463,463,2,35,463,Content 463,,1,Sample Content,,2,,,,,
464,464,2,30,464,Content 464,,1,Sample Content,,2,,,,,
465,465,2,30,465,Content 465,,1,Sample Content,,2,,,,,
466,466,2,30,466,Content 466,,1,Sample Content,,2,,,,,
467,467,2,37,467,Content 467,,1,Sample Content,,2,,,,,
468,468,2,36,468,Content 468,,1,Sample Content,,2,,,,,
469,469,2,36,469,Content 469,,1,Sample Content,,2,,,,,
470,470,2,36,470,Content 470,,1,Sample Content,,2,,,,,
471,471,2,28,471,Content 471,,1,Sample Content,,2,,,,,
472,472,2,36,472,Content 472,,1,Sample Content,,2,,,,,
473,473,2,31,473,Content 473,,1,Sample Content,,2,,,,,
474,474,2,31,474,Content 474,,1,Sample Content,,2,,,,,
475,475,2,31,475,Content 475,,1,Sample Content,,2,,,,,
476,476,2,31,476,Content 476,,1,Sample Content,,2,,,,,
477,477,2,31,477,Content 477,,1,Sample Content,,2,,,,,
478,478,2,31,478,Content 478,,1,Sample Content,,2,,,,,
479,479,2,31,479,Content 479,,1,Sample Content,,2,,,,,
480,480,2,31,480,Content 480,,1,Sample Content,,2,,,,,
481,481,2,31,481,Content 481,,1,Sample Content,,2,,,,,
482,482,2,31,482,Content 482,,1,Sample Content,,2,,,,,
483,483,2,31,483,Content 483,,1,Sample Content,,2,,,,,