1,1,5,1,1101,Counting,icon-counting.png,icon-counting.png,,Grade 1: Number and Operations in Base Ten,http://www.corestandards.org/Math/Content/1/introduction/,12,0,12,Enabled,,,,,
2,1,1,1,1102,Addition ,icon-addition.png,icon-addition.png,,Grade 1: Operations and Algebraic Thinking,http://www.corestandards.org/Math/Content/1/introduction/,12,0,12,Enabled,,,,,
3,1,23,1,1103,Subtraction,icon-subtraction.png,icon-subtraction.png,,Grade 1: Operations and Algebraic Thinking,http://www.corestandards.org/Math/Content/1/introduction/,12,0,12,Enabled,,,,,
4,1,11,1,1104,Geometry,icon-geometry.png,icon-geometry.png,,Grade 1:Geometry,http://www.corestandards.org/Math/Content/1/introduction/,12,0,12,Enabled,,,,,
5,1,20,1,1105,Probability,icon-probability.png,icon-probability.png,,,,12,0,12,Enabled,,,,,
6,1,8,1,1106,Estimation,icon-estimation.png,icon-estimation.png,,,,12,0,12,Enabled,,,,,
7,1,22,1,1107,Spatial Sense,icon-spatial.png,icon-spatial.png,,Grade 1:Measurement and data,http://www.corestandards.org/Math/Content/1/introduction/,12,0,12,Enabled,,,,,
8,1,12,1,1108,Data And Graphs,icon-graphs.png,icon-graphs.png,,,,12,0,12,Enabled,,,,,
9,1,14,1,1109,Measurement,icon-measurement.png,icon-measurement.png,,Grade 1:Measurement and data,http://www.corestandards.org/Math/Content/1/introduction/,12,0,12,Enabled,,,,,
10,1,18,1,1110,Mixed Operations,icon-operations.png,icon-operations.png,,Grade 1: Operations and Algebraic Thinking,http://www.corestandards.org/Math/Content/1/introduction/,12,0,12,Enabled,,,,,
11,1,3,1,1111,Comparing,icon-comparing.png,icon-comparing.png,,Grade 1: Operations and Algebraic Thinking,http://www.corestandards.org/Math/Content/1/introduction/,12,0,12,Enabled,,,,,
12,1,19,1,1112,Patterns,icon-patterns.png,icon-patterns.png,,,,12,0,12,Enabled,,,,,
13,1,15,1,1113,Money,icon-money.png,icon-money.png,,,,12,0,12,Enabled,,,,,
14,1,10,1,1114,Fractions,icon-fractions.png,icon-fractions.png,,Grade 3: Number and Operations—Fractions,http://www.corestandards.org/Math/Content/3/introduction/,12,0,12,Enabled,,,,,
15,1,25,1,1115,Place Values,icon-values.png,icon-values.png,,Grade 1: Number and Operations in Base Ten,http://www.corestandards.org/Math/Content/1/introduction/,12,0,12,Enabled,,,,,
16,1,1,1,1116,Addition- Skill Builders,icon-addition.png,icon-addition.png,,Grade 1: Operations and Algebraic Thinking,http://www.corestandards.org/Math/Content/1/introduction/,12,0,12,Enabled,,,,,
17,1,16,1,1117,Multiplication (Intro),icon-multiplication.png,icon-multiplication.png,,,,12,0,12,Enabled,,,,,
18,1,3,1,1118,Classification,icon-comparing.png,icon-comparing.png,,,,12,0,12,Enabled,,,,,
19,1,5,2,1201,Counting And Patterns,icon-counting.png,icon-counting.png,,Grade 2: Operations and Algebraic Thinking,http://www.corestandards.org/Math/Content/2/introduction/,12,0,12,Enabled,,,,,
20,1,3,2,1202,Comparing And Ordering,icon-comparing.png,icon-comparing.png,,Grade 2: Operations and Algebraic Thinking,http://www.corestandards.org/Math/Content/2/introduction/,12,0,12,Enabled,,,,,
21,1,17,2,1203,Names Of Numbers,icon-numbers.png,icon-numbers.png,,Grade 2: Number and Operations in Base Ten,http://www.corestandards.org/Math/Content/2/introduction/,12,0,12,Enabled,,,,,
22,1,19,2,1204,Patterns,icon-patterns.png,icon-patterns.png,,,,12,0,12,Enabled,,,,,
23,1,1,2,1205,"Addition, One Digit",icon-addition.png,icon-addition.png,,Grade 2: Operations and Algebraic Thinking,http://www.corestandards.org/Math/Content/2/introduction/,12,0,12,Enabled,,,,,
24,1,23,2,1206,Subtraction One Digit,icon-subtraction.png,icon-subtraction.png,,Grade 2: Operations and Algebraic Thinking,http://www.corestandards.org/Math/Content/2/introduction/,12,0,12,Enabled,,,,,
25,1,1,2,1207,Addition Two Digit,icon-addition.png,icon-addition.png,,Grade 2: Operations and Algebraic Thinking,http://www.corestandards.org/Math/Content/2/introduction/,12,0,12,Enabled,,,,,
26,1,23,2,1208,Subtraction Two Digit,icon-subtraction.png,icon-subtraction.png,,Grade 2: Operations and Algebraic Thinking,http://www.corestandards.org/Math/Content/2/introduction/,12,0,12,Enabled,,,,,
27,1,1,2,1209,Addition Three Digit,icon-addition.png,icon-addition.png,,Grade 2: Operations and Algebraic Thinking,http://www.corestandards.org/Math/Content/2/introduction/,12,0,12,Enabled,,,,,
28,1,23,2,1210,Subtraction Three Digit,icon-subtraction.png,icon-subtraction.png,,Grade 2: Operations and Algebraic Thinking,http://www.corestandards.org/Math/Content/2/introduction/,12,0,12,Enabled,,,,,
29,1,,2,1211,Properties,NULL,NULL,,,,12,0,12,Enabled,,,,,
30,1,18,2,1212,Mixed Operations,icon-operations.png,icon-operations.png,,Grade 2: Operations and Algebraic Thinking,http://www.corestandards.org/Math/Content/2/introduction/,12,0,12,Enabled,,,,,
31,1,25,2,1213,Place Values,icon-values.png,icon-values.png,,Grade 2: Number and Operations in Base Ten,http://www.corestandards.org/Math/Content/2/introduction/,12,0,12,Enabled,,,,,
32,1,8,2,1214,Estimation And Rounding,icon-estimation.png,icon-estimation.png,,,,12,0,12,Enabled,,,,,
33,1,13,2,1215,Logical Reasoning,icon-logical.png,icon-logical.png,,,,12,0,12,Enabled,,,,,
34,1,15,2,1216,Money,icon-money.png,icon-money.png,,,,12,0,12,Enabled,,,,,
35,1,24,2,1217,Time,icon-time.png,icon-time.png,,Grade 2: Measurement and Data,http://www.corestandards.org/Math/Content/2/introduction/,12,0,12,Enabled,,,,,
36,1,12,2,1218,Data And Graphs,icon-graphs.png,icon-graphs.png,,,,12,0,12,Enabled,,,,,
37,1,14,2,1219,Measurement,icon-measurement.png,icon-measurement.png,,Grade 2: Measurement and Data,http://www.corestandards.org/Math/Content/2/introduction/,12,0,12,Enabled,,,,,
38,1,10,2,1220,Fractions,icon-fractions.png,icon-fractions.png,,,,12,0,12,Enabled,,,,,
39,1,20,2,1221,Probability And Statistics,icon-probability.png,icon-probability.png,,,,12,0,12,Enabled,,,,,
40,1,16,2,1222,Multiplication,icon-multiplication.png,icon-multiplication.png,,,,12,0,12,Enabled,,,,,
41,1,7,2,1223,Division,icon-division.png,icon-division.png,,,,12,0,12,Enabled,,,,,
42,1,17,3,1301,Numbers And Comparing,icon-numbers.png,icon-numbers.png,,,,12,0,12,Enabled,,,,,
43,1,25,3,1302,Place Values,icon-values.png,icon-values.png,,Grade 3: Number and Operations in Base Ten,http://www.corestandards.org/Math/Content/3/introduction/,12,0,12,Enabled,,,,,
44,1,1,3,1303,Addition,icon-addition.png,icon-addition.png,,Grade 3: Operations and Algebraic Thinking,http://www.corestandards.org/Math/Content/3/introduction/,12,0,12,Enabled,,,,,
45,1,23,3,1304,Subtraction,icon-subtraction.png,icon-subtraction.png,,Grade 3: Operations and Algebraic Thinking,http://www.corestandards.org/Math/Content/3/introduction/,12,0,12,Enabled,,,,,
46,1,16,3,1305,Multiplication,icon-multiplication.png,icon-multiplication.png,,Grade 3: Operations and Algebraic Thinking,http://www.corestandards.org/Math/Content/3/introduction/,12,0,12,Enabled,,,,,
47,1,7,3,1306,Division,icon-division.png,icon-division.png,,Grade 3: Operations and Algebraic Thinking,http://www.corestandards.org/Math/Content/3/introduction/,12,0,12,Enabled,,,,,
48,1,18,3,1307,Mixed Operations,icon-operations.png,icon-operations.png,,Grade 3: Operations and Algebraic Thinking,http://www.corestandards.org/Math/Content/3/introduction/,12,0,12,Enabled,,,,,
49,1,,3,1308,Properties,NULL,NULL,,,,12,0,12,Enabled,,,,,
50,1,18,3,1309,Equations And Variables,icon-operations.png,icon-operations.png,,Grade 3: Operations and Algebraic Thinking,http://www.corestandards.org/Math/Content/3/introduction/,12,0,12,Enabled,,,,,
51,1,8,3,1310,Estimation And Rounding,icon-estimation.png,icon-estimation.png,,,,12,0,12,Enabled,,,,,
52,1,13,3,1311,Logical Reasoning,icon-logical.png,icon-logical.png,,,,12,0,12,Enabled,,,,,
53,1,15,3,1312,Money,icon-money.png,icon-money.png,,Grade 3: Measurement and Data,http://www.corestandards.org/Math/Content/3/introduction/,12,0,12,Enabled,,,,,
54,1,24,3,1313,Time,icon-time.png,icon-time.png,,Grade 3: Measurement and Data,http://www.corestandards.org/Math/Content/3/introduction/,12,0,12,Enabled,,,,,
55,1,12,3,1314,Data And Graphs,icon-graphs.png,icon-graphs.png,,Grade 3: Measurement and Data,http://www.corestandards.org/Math/Content/3/introduction/,12,0,12,Enabled,,,,,
56,1,18,3,1315,Measurement,icon-measurement.png,icon-measurement.png,,Grade 3: Operations and Algebraic Thinking,http://www.corestandards.org/Math/Content/3/introduction/,12,0,12,Enabled,,,,,
57,1,11,3,1316,Geometry,icon-geometry.png,icon-geometry.png,,Grade 3: Geometry,http://www.corestandards.org/Math/Content/3/introduction/,12,0,12,Enabled,,,,,
58,1,10,3,1317,Fractions,icon-fractions.png,icon-fractions.png,,,,12,0,12,Enabled,,,,,
59,1,6,3,1318,Decimals,icon-decimal.png,icon-decimal.png,,,,12,0,12,Enabled,,,,,
60,1,20,3,1319,Probability And Statistics,icon-probability.png,icon-probability.png,,,,12,0,12,Enabled,,,,,
61,1,10,3,1320,Equivalent Fractions,icon-fractions.png,icon-fractions.png,,Grade 3: Number and Operations—Fractions,http://www.corestandards.org/Math/Content/3/introduction/,12,0,12,Enabled,,,,,
62,1,10,3,1321,Compare Fractions,icon-fractions.png,icon-fractions.png,,Grade 3: Number and Operations—Fractions,http://www.corestandards.org/Math/Content/3/introduction/,12,0,12,Enabled,,,,,
63,1,18,3,1322,Operations With Fractions,icon-operations.png,icon-operations.png,,,,12,0,12,Enabled,,,,,
64,1,1,4,1401,Addition,icon-addition.png,icon-addition.png,,,,12,0,12,Enabled,,,,,
65,1,17,4,1402,Number Sense,icon-numbers.png,icon-numbers.png,,,,12,0,12,Enabled,,,,,
66,1,1,4,1403,Addition large numbers,icon-addition.png,icon-addition.png,,,,12,0,12,Enabled,,,,,
67,1,23,4,1404,Subtraction,icon-subtraction.png,icon-subtraction.png,,,,12,0,12,Enabled,,,,,
68,1,16,4,1405,Multiplication,icon-multiplication.png,icon-multiplication.png,,,,12,0,12,Enabled,,,,,
69,1,7,4,1406,Division,icon-division.png,icon-division.png,,,,12,0,12,Enabled,,,,,
70,1,18,4,1407,Mixed Operations,icon-operations.png,icon-operations.png,,,,12,0,12,Enabled,,,,,
71,1,2,4,1408,Algebra,icon-algebra.png,icon-algebra.png,,,,12,0,12,Enabled,,,,,
72,1,18,4,1409,Functions,icon-operations.png,icon-operations.png,,,,12,0,12,Enabled,,,,,
73,1,12,4,1410,Coordinate Graphs,icon-graphs.png,icon-graphs.png,,,,12,0,12,Enabled,,,,,
74,1,12,4,1411,Data And Graphs,icon-graphs.png,icon-graphs.png,,,,12,0,12,Enabled,,,,,
75,1,13,4,1412,Logical Reasoning,icon-logical.png,icon-logical.png,,,,12,0,12,Enabled,,,,,
76,1,19,4,1413,Patterns Sequencing,icon-patterns.png,icon-patterns.png,,,,12,0,12,Enabled,,,,,
77,1,15,4,1414,Money,icon-money.png,icon-money.png,,,,12,0,12,Enabled,,,,,
78,1,14,4,1415,Measurement,icon-measurement.png,icon-measurement.png,,,,12,0,12,Enabled,,,,,
79,1,24,4,1416,Time,icon-time.png,icon-time.png,,,,12,0,12,Enabled,,,,,
80,1,11,4,1417,Geometry,icon-geometry.png,icon-geometry.png,,,,12,0,12,Enabled,,,,,
81,1,10,4,1418,Fraction Equivalence And Ordering,icon-fractions.png,icon-fractions.png,,,,12,0,12,Enabled,,,,,
82,1,10,4,1419,Add And Subtract Fractions With Like Denominators,icon-fractions.png,icon-fractions.png,,,,12,0,12,Enabled,,,,,
83,1,10,4,1420,Estimation,icon-estimation.png,icon-estimation.png,,,,12,0,12,Enabled,,,,,
84,1,10,4,1421,Multiply Fractions,icon-fractions.png,icon-fractions.png,,,,12,0,12,Enabled,,,,,
85,1,6,4,1422,Decimals,icon-decimal.png,icon-decimal.png,,,,12,0,12,Enabled,,,,,
86,1,1,4,1423,Add And Subtract Decimals,icon-addition.png,icon-addition.png,,,,12,0,12,Enabled,,,,,
87,1,20,4,1424,Probability And Statistics,icon-probability.png,icon-probability.png,,,,12,0,12,Enabled,,,,,
88,1,25,5,1501,Place Values And Number Sense,icon-values.png,icon-values.png,,,,12,0,12,Enabled,,,,,
89,1,11,5,1503,Geometry,icon-geometry.png,icon-geometry.png,,,,12,0,12,Enabled,,,,,
90,1,6,5,1505,Decimals,icon-decimal.png,icon-decimal.png,,,,12,0,12,Enabled,,,,,
91,1,1,5,1507,Addition And Subtraction,icon-addition.png,icon-addition.png,,,,12,0,12,Enabled,,,,,
92,1,1,5,1509,Add And Subtract Decimals,icon-addition.png,icon-addition.png,,,,12,0,12,Enabled,,,,,
93,1,16,5,1511,Multiplication,icon-multiplication.png,icon-multiplication.png,,,,12,0,12,Enabled,,,,,
94,1,16,5,1513,Multiply Decimals,icon-multiplication.png,icon-multiplication.png,,,,12,0,12,Enabled,,,,,
95,1,7,5,1515,Division,icon-division.png,icon-division.png,,,,12,0,12,Enabled,,,,,
96,1,7,5,1517,Division With Decimals,icon-division.png,icon-division.png,,,,12,0,12,Enabled,,,,,
97,1,13,5,1519,Problem Solving,icon-logical.png,icon-logical.png,,,,12,0,12,Enabled,,,,,
98,1,17,5,1521,Number Theory,icon-numbers.png,icon-numbers.png,,,,12,0,12,Enabled,,,,,
99,1,10,5,1523,Fractions And Mixed Numbers,icon-fractions.png,icon-fractions.png,,,,12,0,12,Enabled,,,,,
100,1,10,5,1525,Add And Subtract Fractions,icon-fractions.png,icon-fractions.png,,,,12,0,12,Enabled,,,,,
101,1,10,5,1527,Multiply Fractions,icon-fractions.png,icon-fractions.png,,,,12,0,12,Enabled,,,,,
102,1,10,5,1529,Divide Fractions,icon-fractions.png,icon-fractions.png,,,,12,0,12,Enabled,,,,,
103,1,18,5,1531,Mixed Operations,icon-operations.png,icon-operations.png,,,,12,0,12,Enabled,,,,,
104,1,2,5,1533,Algebra,icon-algebra.png,icon-algebra.png,,,,12,0,12,Enabled,,,,,
105,1,12,5,1535,Coordinate Graphs,icon-graphs.png,icon-graphs.png,,,,12,0,12,Enabled,,,,,
106,1,12,5,1537,Data Ad Graphs,icon-graphs.png,icon-graphs.png,,,,12,0,12,Enabled,,,,,
107,1,19,5,1539,Patterns And Sequence,icon-patterns.png,icon-patterns.png,,,,12,0,12,Enabled,,,,,
108,1,4,5,1541,Consumer Math,NULL,NULL,,,,12,0,12,Enabled,,,,,
109,1,21,5,1543,"Ratios , Portions And Percents",icon-ratios.png,icon-ratios.png,,,,12,0,12,Enabled,,,,,
110,1,14,5,1545,Measurement,icon-measurement.png,icon-measurement.png,,,,12,0,12,Enabled,,,,,
111,1,24,5,1547,Time,icon-time.png,icon-time.png,,,,12,0,12,Enabled,,,,,
112,1,20,5,1549,Probability And Statistics,icon-probability.png,icon-probability.png,,,,12,0,12,Enabled,,,,,
113,1,17,6,1601,Whole Numbers,icon-numbers.png,icon-numbers.png,,,,12,0,12,Enabled,,,,,
114,1,17,6,1602,Integers,icon-numbers.png,icon-numbers.png,,,,12,0,12,Enabled,,,,,
115,1,17,6,1603,Rational Numbers,icon-numbers.png,icon-numbers.png,,,,12,0,12,Enabled,,,,,
116,1,9,6,1604,Exponents And Square Roots,icon-exponents.png,icon-exponents.png,,,,12,0,12,Enabled,,,,,
117,1,15,6,1605,Money,icon-money.png,icon-money.png,,,,12,0,12,Enabled,,,,,
118,1,4,6,1606,Consumer Math,NULL,NULL,,,,12,0,12,Enabled,,,,,
119,1,24,6,1607,Time,icon-time.png,icon-time.png,,,,12,0,12,Enabled,,,,,
120,1,1,6,1608,Add And Subtract Integrers,icon-addition.png,icon-addition.png,,,,12,0,12,Enabled,,,,,
121,1,1,6,1609,Add And Subtract Decimals,icon-addition.png,icon-addition.png,,,,12,0,12,Enabled,,,,,
122,1,16,6,1610,Multiplication,icon-multiplication.png,icon-multiplication.png,,,,12,0,12,Enabled,,,,,
123,1,7,6,1611,Division,icon-division.png,icon-division.png,,, ,12,0,12,Enabled,,,,,
124,1,13,6,1612,Problem Solving And Estimation,icon-logical.png,icon-logical.png,,,,12,0,12,Enabled,,,,,
125,1,17,6,1613,Number Theory,icon-numbers.png,icon-numbers.png,,,,12,0,12,Enabled,,,,,
126,1,16,6,1614,Multiply And Divide Divisions,icon-multiplication.png,icon-multiplication.png,,,,12,0,12,Enabled,,,,,
127,1,2,6,1615,Algebra,icon-algebra.png,icon-algebra.png,,,,12,0,12,Enabled,,,,,
128,1,12,6,1616,Cordinate Graphs,icon-graphs.png,icon-graphs.png,,,,12,0,12,Enabled,,,,,
129,1,12,6,1617,Data And Graphs,icon-graphs.png,icon-graphs.png,,,,12,0,12,Enabled,,,,,
130,1,20,6,1618,Statistics,icon-probability.png,icon-probability.png,,,,12,0,12,Enabled,,,,,
131,1,10,6,1619,Fractions And Mixed Numbers,icon-fractions.png,icon-fractions.png,,,,12,0,12,Enabled,,,,,
132,1,10,6,1620,Add And Subtract Fractions,icon-fractions.png,icon-fractions.png,,,,12,0,12,Enabled,,,,,
133,1,10,6,1621,Multiply Fractions,icon-fractions.png,icon-fractions.png,,,,12,0,12,Enabled,,,,,
134,1,10,6,1622,Divide Fractions,icon-fractions.png,icon-fractions.png,,,,12,0,12,Enabled,,,,,
135,1,18,6,1623,Mixed Operations,icon-operations.png,icon-operations.png,,,,12,0,12,Enabled,,,,,
136,1,14,6,1624,Measuremnt,icon-measurement.png,icon-measurement.png,,,,12,0,12,Enabled,,,,,
137,1,11,6,1625,Geometry,icon-geometry.png,icon-geometry.png,,,,12,0,12,Enabled,,,,,
138,1,21,6,1626,"Ratios , Portions And Percents",icon-ratios.png,icon-ratios.png,,,,12,0,12,Enabled,,,,,
139,1,20,6,1627,Probability And Statistics,icon-probability.png,icon-probability.png,,,,12,0,12,Enabled,,,,,
140,2,26,1,2101,Nouns,NULL,NULL,,,,12,0,12,Enabled,,,,,
141,2,26,1,2102,Single Nounes,NULL,NULL,,,,12,0,12,Enabled,,,,,
142,2,26,1,2103,Plural Nouns,NULL,NULL,,,,12,0,12,Enabled,,,,,
143,2,27,1,2104,Personal Pronouns,NULL,NULL,,,,12,0,12,Enabled,,,,,
144,2,27,1,2105,Possessive Pronouns,NULL,NULL,,,,12,0,12,Enabled,,,,,
145,2,26,1,2106,Indefinite Pronouns,NULL,NULL,,,,12,0,12,Enabled,,,,,
146,2,32,1,2107,Basic Verbs,NULL,NULL,,,,12,0,12,Enabled,,,,,
147,2,28,1,2108,Adjectives,NULL,NULL,,,,12,0,12,Enabled,,,,,
148,2,31,1,2109,Simple Complete Sentences,NULL,NULL,,,,12,0,12,Enabled,,,,,
149,2,28,1,2110,Articles,NULL,NULL,,,,12,0,12,Enabled,,,,,
150,2,35,1,2111,Prepositions,NULL,NULL,,,,12,0,12,Enabled,,,,,
151,2,31,1,2112,Word Order,NULL,NULL,,,,12,0,12,Enabled,,,,,
152,2,29,1,2113,Capitalization,NULL,NULL,,,,12,0,12,Enabled,,,,,
153,2,29,1,2114,Order Sentences,NULL,NULL,,,,12,0,12,Enabled,,,,,
154,2,29,1,2115,Punctuation,NULL,NULL,,,,12,0,12,Enabled,,,,,
155,2,31,1,2116,Conjuctions,NULL,NULL,,,,12,0,12,Enabled,,,,,
156,2,31,1,2117,Describing Words,NULL,NULL,,,,12,0,12,Enabled,,,,,
157,2,31,1,2118,Compound Words,NULL,NULL,,,,12,0,12,Enabled,,,,,
158,2,33,1,2119,Exclamatory Sentences In Response To Prompts,NULL,NULL,,,,12,0,12,Enabled,,,,,
159,2,29,1,2120,Commas In Dates,NULL,NULL,,,,12,0,12,Enabled,,,,,
160,2,36,1,2121,Separate Single Words In A Series,NULL,NULL,,,,12,0,12,Enabled,,,,,
161,2,33,2,2201,Sentence Types,NULL,NULL,,,,12,0,12,Enabled,,,,,
162,2,31,2,2202,Subject And Predicate,NULL,NULL,,,,12,0,12,Enabled,,,,,
163,2,33,2,2203,Combining Sentences,NULL,NULL,,,,12,0,12,Enabled,,,,,
164,2,26,2,2204,Nouns,NULL,NULL,,,,12,0,12,Enabled,,,,,
165,2,26,2,2205,Regular Plural Nouns,NULL,NULL,,,,12,0,12,Enabled,,,,,
166,2,26,2,2206,Irregular Plural Nouns,NULL,NULL,,,,12,0,12,Enabled,,,,,
167,2,26,2,2207,Possessive Nouns,NULL,NULL,,,,12,0,12,Enabled,,,,,
168,2,32,2,2208,Action Verbs,NULL,NULL,,,,12,0,12,Enabled,,,,,
169,2,31,2,2209,Subject-Verb Agreement,NULL,NULL,,,,12,0,12,Enabled,,,,,
170,2,32,2,2210,Regular Past Tense,NULL,NULL,,,,12,0,12,Enabled,,,,,
171,2,32,2,2211,Future Tense,NULL,NULL,,,,12,0,12,Enabled,,,,,
172,2,32,2,2212,To Be And To Have,NULL,NULL,,,,12,0,12,Enabled,,,,,
173,2,32,2,2213,Irregular Past Tense,NULL,NULL,,,,12,0,12,Enabled,,,,,
174,2,32,2,2214,Simple Verb Tense Review,NULL,NULL,,,,12,0,12,Enabled,,,,,
175,2,32,2,2215,Helping Verbs,NULL,NULL,,,,12,0,12,Enabled,,,,,
176,2,27,2,2216,Personal Pronouns,NULL,NULL,,,,12,0,12,Enabled,,,,,
177,2,27,2,2217,Possessive Pronouns,NULL,NULL,,,,12,0,12,Enabled,,,,,
178,2,27,2,2218,Reflexive Pronouns,NULL,NULL,,,,12,0,12,Enabled,,,,,
179,2,28,2,2219,Articles,NULL,NULL,,,,12,0,12,Enabled,,,,,
180,2,28,2,2220,Adjectives,NULL,NULL,,,,12,0,12,Enabled,,,,,
181,2,28,2,2221,Adverbs,NULL,NULL,,,,12,0,12,Enabled,,,,,
182,2,28,2,2222,Adjectives And Adverbs,NULL,NULL,,,,12,0,12,Enabled,,,,,
183,2,27,2,2223,Contractions,NULL,NULL,,,,12,0,12,Enabled,,,,,
184,2,29,2,2224,Capitalization,NULL,NULL,,,,12,0,12,Enabled,,,,,
185,2,29,2,2225,Commas,NULL,NULL,,,,12,0,12,Enabled,,,,,
186,2,29,2,2226,Abbreviations,NULL,NULL,,,,12,0,12,Enabled,,,,,
187,2,29,2,2227,Antonyms,NULL,NULL,,,,12,0,12,Enabled,,,,,
188,2,35,2,2228,Synonyms,NULL,NULL,,,,12,0,12,Enabled,,,,,
189,2,35,2,2229,Compound Words,NULL,NULL,,,,12,0,12,Enabled,,,,,
190,2,36,2,2230,Prefixes And Suffixes,NULL,NULL,,,,12,0,12,Enabled,,,,,
191,2,33,3,2301,Sentence Types,NULL,NULL,,,,12,0,12,Enabled,,,,,
192,2,31,3,2302,Subject And Predicate,NULL,NULL,,,,12,0,12,Enabled,,,,,
193,2,33,3,2303,"Sentences, Fragments, And Run-Ons",NULL,NULL,,,,12,0,12,Enabled,,,,,
194,2,26,3,2304,Nouns,NULL,NULL,,,,12,0,12,Enabled,,,,,
195,2,26,3,2305,Regular Plural Nouns,NULL,NULL,,,,12,0,12,Enabled,,,,,
196,2,26,3,2306,Irregular Plural Nouns,NULL,NULL,,,,12,0,12,Enabled,,,,,
197,2,26,3,2307,Possessive Nouns,NULL,NULL,,,,12,0,12,Enabled,,,,,
198,2,32,3,2308,Action Verbs,NULL,NULL,,,,12,0,12,Enabled,,,,,
199,2,31,3,2309,Subject-Verb Agreement,NULL,NULL,,,,12,0,12,Enabled,,,,,
200,2,32,3,2310,Regular Past Tense,NULL,NULL,,,,12,0,12,Enabled,,,,,
201,2,32,3,2311,Future Tense,NULL,NULL,,,,12,0,12,Enabled,,,,,
202,2,32,3,2312,To Be And To Have,NULL,NULL,,,,12,0,12,Enabled,,,,,
203,2,32,3,2313,Irregular Past Tense,NULL,NULL,,,,12,0,12,Enabled,,,,,
204,2,32,3,2314,Simple Verb Tense Review,NULL,NULL,,,,12,0,12,Enabled,,,,,
205,2,32,3,2315,Helping Verbs,NULL,NULL,,,,12,0,12,Enabled,,,,,
206,2,27,3,2316,Subject Pronouns ,NULL,NULL,,,,12,0,12,Enabled,,,,,
207,2,27,3,2317,Possessive Pronouns,NULL,NULL,,,,12,0,12,Enabled,,,,,
208,2,27,3,2318,Reflexive Pronouns,NULL,NULL,,,,12,0,12,Enabled,,,,,
209,2,28,3,2319,Articles,NULL,NULL,,,,12,0,12,Enabled,,,,,
210,2,28,3,2320,Adjectives,NULL,NULL,,,,12,0,12,Enabled,,,,,
211,2,28,3,2321,Comparative And Superlative Adverbs,NULL,NULL,,,,12,0,12,Enabled,,,,,
212,2,28,3,2322,Adjectives And Adverbs,NULL,NULL,,,,12,0,12,Enabled,,,,,
213,2,28,3,2323,Comparative And Superlative Adjectives,NULL,NULL,,,,12,0,12,Enabled,,,,,
214,2,28,3,2324,Adverbs That Compare,NULL,NULL,,,,12,0,12,Enabled,,,,,
215,2,31,3,2325,Prepositions,NULL,NULL,,,,12,0,12,Enabled,,,,,
216,2,27,3,2326,Contractions,NULL,NULL,,,,12,0,12,Enabled,,,,,
217,2,31,3,2327,Coordinating Conjuctions,NULL,NULL,,,,12,0,12,Enabled,,,,,
218,2,31,3,2328,Subordinating Conjunctions,NULL,NULL,,,,12,0,12,Enabled,,,,,
219,2,29,3,2329,Capitalization,NULL,NULL,,,,12,0,12,Enabled,,,,,
220,2,29,3,2330,Commas,NULL,NULL,,,,12,0,12,Enabled,,,,,
221,2,29,3,2331,Colons,NULL,NULL,,,,12,0,12,Enabled,,,,,
222,2,29,3,2332,Titles,NULL,NULL,,,,12,0,12,Enabled,,,,,
223,2,29,3,2333,Quotations And Dialogue,NULL,NULL,,,,12,0,12,Enabled,,,,,
224,2,35,3,2334,Synonyms,NULL,NULL,,,,12,0,12,Enabled,,,,,
225,2,35,3,2335,Antonyms,NULL,NULL,,,,12,0,12,Enabled,,,,,
226,2,36,3,2336,Shading Of Meaning,NULL,NULL,,,,12,0,12,Enabled,,,,,
227,2,35,3,2337,Homophones,NULL,NULL,,,,12,0,12,Enabled,,,,,
228,2,36,3,2338,Multiple Meaning Words,NULL,NULL,,,,12,0,12,Enabled,,,,,
229,2,36,3,2339,Compound Words,NULL,NULL,,,,12,0,12,Enabled,,,,,
230,2,36,3,2340,Prefixes And Suffixes,NULL,NULL,,,,12,0,12,Enabled,,,,,
231,2,36,3,2341,Greek And Latin Roots,NULL,NULL,,,,12,0,12,Enabled,,,,,
232,2,36,3,2342,Alphabetical Order,NULL,NULL,,,,12,0,12,Enabled,,,,,
233,2,35,3,2343,Dictionary Skills,NULL,NULL,,,,12,0,12,Enabled,,,,,
234,2,30,3,2344,Similes And Metaphors,NULL,NULL,,,,12,0,12,Enabled,,,,,
235,2,33,4,2401,Sentence Types,NULL,NULL,,,,12,0,12,Enabled,,,,,
236,2,31,4,2402,Subject And Predicate,NULL,NULL,,,,12,0,12,Enabled,,,,,
237,2,33,4,2403,"Sentences, Fragments, And Run-Ons",NULL,NULL,,,,12,0,12,Enabled,,,,,
238,2,26,4,2404,Nouns,NULL,NULL,,,,12,0,12,Enabled,,,,,
239,2,26,4,2405,Regular Plural Nouns,NULL,NULL,,,,12,0,12,Enabled,,,,,
240,2,26,4,2406,Irregular Plural Nouns,NULL,NULL,,,,12,0,12,Enabled,,,,,
241,2,26,4,2407,Possessive Nouns,NULL,NULL,,,,12,0,12,Enabled,,,,,
242,2,32,4,2408,Action Verbs,NULL,NULL,,,,12,0,12,Enabled,,,,,
243,2,31,4,2409,Subject-Verb Agreement,NULL,NULL,,,,12,0,12,Enabled,,,,,
244,2,31,4,2410,Regular Past Tense,NULL,NULL,,,,12,0,12,Enabled,,,,,
245,2,31,4,2411,Future Tense,NULL,NULL,,,,12,0,12,Enabled,,,,,
246,2,31,4,2412,Linking Verbs,NULL,NULL,,,,12,0,12,Enabled,,,,,
247,2,31,4,2413,Irregular Past Tense,NULL,NULL,,,,12,0,12,Enabled,,,,,
248,2,31,4,2414,Simple Verb Tense Review,NULL,NULL,,,,12,0,12,Enabled,,,,,
249,2,32,4,2415,Helping Verbs,NULL,NULL,,,,12,0,12,Enabled,,,,,
250,2,31,4,2416,Progressive Verb Tenses,NULL,NULL,,,,12,0,12,Enabled,,,,,
251,2,31,4,2417,Perfect Verb Tenses,NULL,NULL,,,,12,0,12,Enabled,,,,,
252,2,31,4,2418,Irregular Verbs,NULL,NULL,,,,12,0,12,Enabled,,,,,
253,2,27,4,2419,Personal Pronouns,NULL,NULL,,,,12,0,12,Enabled,,,,,
254,2,27,4,2420,Possessive Pronouns,NULL,NULL,,,,12,0,12,Enabled,,,,,
255,2,27,4,2421,Reflexive Pronouns,NULL,NULL,,,,12,0,12,Enabled,,,,,
256,2,27,4,2422,Relative Pronouns,NULL,NULL,,,,12,0,12,Enabled,,,,,
257,2,28,4,2423,Articles,NULL,NULL,,,,12,0,12,Enabled,,,,,
258,2,28,4,2424,Adjectives,NULL,NULL,,,,12,0,12,Enabled,,,,,
259,2,28,4,2425,Adverbs,NULL,NULL,,,,12,0,12,Enabled,,,,,
260,2,28,4,2426,Adjectives And Adverbs,NULL,NULL,,,,12,0,12,Enabled,,,,,
261,2,28,4,2427,Adjectives That Compare,NULL,NULL,,,,12,0,12,Enabled,,,,,
262,2,28,4,2428,Adverbs That Compare,NULL,NULL,,,,12,0,12,Enabled,,,,,
263,2,31,4,2429,Prepositions,NULL,NULL,,,,12,0,12,Enabled,,,,,
264,2,27,4,2430,Contractions,NULL,NULL,,,,12,0,12,Enabled,,,,,
265,2,31,4,2431,Coordinating Conjuctions,NULL,NULL,,,,12,0,12,Enabled,,,,,
266,2,31,4,2432,Subordinating Conjunctions,NULL,NULL,,,,12,0,12,Enabled,,,,,
267,2,29,4,2433,Capitalization,NULL,NULL,,,,12,0,12,Enabled,,,,,
268,2,29,4,2434,Commas,NULL,NULL,,,,12,0,12,Enabled,,,,,
269,2,29,4,2435,Letters,NULL,NULL,,,,12,0,12,Enabled,,,,,
270,2,29,4,2436,Titles,NULL,NULL,,,,12,0,12,Enabled,,,,,
271,2,37,4,2437,Quotations And Dialogue,NULL,NULL,,,,12,0,12,Enabled,,,,,
272,2,35,4,2438,Synonyms,NULL,NULL,,,,12,0,12,Enabled,,,,,
273,2,35,4,2439,Antonyms,NULL,NULL,,,,12,0,12,Enabled,,,,,
274,2,36,4,2440,Shading Of Meaning,NULL,NULL,,,,12,0,12,Enabled,,,,,
275,2,35,4,2441,Homophones,NULL,NULL,,,,12,0,12,Enabled,,,,,
276,2,36,4,2442,Multiple Meaning Words,NULL,NULL,,,,12,0,12,Enabled,,,,,
277,2,36,4,2443,Compound Words,NULL,NULL,,,,12,0,12,Enabled,,,,,
278,2,36,4,2444,Prefixes And Suffixes,NULL,NULL,,,,12,0,12,Enabled,,,,,
279,2,36,4,2445,Greek And Latin Roots,NULL,NULL,,,,12,0,12,Enabled,,,,,
280,2,36,4,2446,Alphabetical Order,NULL,NULL,,,,12,0,12,Enabled,,,,,
281,2,35,4,2447,Dictionary Skills,NULL,NULL,,,,12,0,12,Enabled,,,,,
282,2,30,4,2448,Similes And Metaphors,NULL,NULL,,,,12,0,12,Enabled,,,,,
283,2,30,4,2449,Idioms And Adages,NULL,NULL,,,,12,0,12,Enabled,,,,,
284,2,33,5,2501,Sentence Types,NULL,NULL,,,,12,0,12,Enabled,,,,,
285,2,31,5,2502,Subject And Predicate,NULL,NULL,,,,12,0,12,Enabled,,,,,
286,2,33,5,2503,"Sentences, Fragments, And Run-Ons",NULL,NULL,,,,12,0,12,Enabled,,,,,
287,2,33,5,2504,"Simple, Compound, And Complex Sentences",NULL,NULL,,,,12,0,12,Enabled,,,,,
288,2,26,5,2505,Nouns,NULL,NULL,,,,12,0,12,Enabled,,,,,
289,2,26,5,2506,Regular Plural Nouns,NULL,NULL,,,,12,0,12,Enabled,,,,,
290,2,26,5,2507,Possessive Nouns,NULL,NULL,,,,12,0,12,Enabled,,,,,
291,2,31,5,2508,Subject-Verb Agreement,NULL,NULL,,,,12,0,12,Enabled,,,,,
292,2,31,5,2509,Simple Verb Tense Review,NULL,NULL,,,,12,0,12,Enabled,,,,,
293,2,31,5,2510,Inappropriate Shifts In Verb Tense,NULL,NULL,,,,12,0,12,Enabled,,,,,
294,2,32,5,2511,Helping Verbs,NULL,NULL,,,,12,0,12,Enabled,,,,,
295,2,31,5,2512,Progressive Verb Tenses,NULL,NULL,,,,12,0,12,Enabled,,,,,
296,2,31,5,2513,Perfect Verb Tenses,NULL,NULL,,,,12,0,12,Enabled,,,,,
297,2,31,5,2514,Modal Auxiliaries,NULL,NULL,,,,12,0,12,Enabled,,,,,
298,2,27,5,2515,Pronouns  ,NULL,NULL,,,,12,0,12,Enabled,,,,,
299,2,27,5,2516,Possessive Pronouns,NULL,NULL,,,,12,0,12,Enabled,,,,,
300,2,27,5,2517,Reflexive Pronouns,NULL,NULL,,,,12,0,12,Enabled,,,,,
301,2,27,5,2518,Relative Pronouns,NULL,NULL,,,,12,0,12,Enabled,,,,,
302,2,28,5,2519,Adjectives,NULL,NULL,,,,12,0,12,Enabled,,,,,
303,2,28,5,2520,Adjectives And Adverbs,NULL,NULL,,,,12,0,12,Enabled,,,,,
304,2,28,5,2521,Adjectives That Compare,NULL,NULL,,,,12,0,12,Enabled,,,,,
305,2,28,5,2522,Adverbs ,NULL,NULL,,,,12,0,12,Enabled,,,,,
306,2,31,5,2523,Prepositions,NULL,NULL,,,,12,0,12,Enabled,,,,,
307,2,27,5,2524,Contractions,NULL,NULL,,,,12,0,12,Enabled,,,,,
308,2,31,5,2525,Conjuctions,NULL,NULL,,,,12,0,12,Enabled,,,,,
309,2,31,5,2526,Subordinating Conjunctions,NULL,NULL,,,,12,0,12,Enabled,,,,,
310,2,31,5,2527,Correlative Conjunctions,NULL,NULL,,,,12,0,12,Enabled,,,,,
311,2,29,5,2528,Capitalization,NULL,NULL,,,,12,0,12,Enabled,,,,,
312,2,29,5,2529,Titles,NULL,NULL,,,,12,0,12,Enabled,,,,,
313,2,29,5,2530,Quotations And Dialogue,NULL,NULL,,,,12,0,12,Enabled,,,,,
314,2,36,5,2531,Multiple Meaning Words,NULL,NULL,,,,12,0,12,Enabled,,,,,
315,2,35,5,2532,Homophones,NULL,NULL,,,,12,0,12,Enabled,,,,,
316,2,36,5,2533,Frequently Confused Words,NULL,NULL,,,,12,0,12,Enabled,,,,,
317,2,35,5,2534,Synonyms,NULL,NULL,,,,12,0,12,Enabled,,,,,
318,2,35,5,2535,Antonyms,NULL,NULL,,,,12,0,12,Enabled,,,,,
319,2,36,5,2536,Methaphors,NULL,NULL,,,,12,0,12,Enabled,,,,,
320,2,36,5,2537,Prefixes,NULL,NULL,,,,12,0,12,Enabled,,,,,
321,2,36,5,2538,Suffixes,NULL,NULL,,,,12,0,12,Enabled,,,,,
322,2,36,5,2539,Greek And Latin Roots,NULL,NULL,,,,12,0,12,Enabled,,,,,
323,2,36,5,2540,Alphabetical Order,NULL,NULL,,,,12,0,12,Enabled,,,,,
324,2,35,5,2541,Dictionary Skills,NULL,NULL,,,,12,0,12,Enabled,,,,,
325,2,35,5,2542,Thesarus Skills,NULL,NULL,,,,12,0,12,Enabled,,,,,
326,2,30,5,2543,Idioms And Adages,NULL,NULL,,,,12,0,12,Enabled,,,,,
327,2,37,5,2544,Formal And Informal Language,NULL,NULL,,,,12,0,12,Enabled,,,,,
328,2,29,6,2601,Commas,NULL,NULL,,,,12,0,12,Enabled,,,,,
329,2,37,6,2602,Restrictive And Nonrestrictive Elements,NULL,NULL,,,,12,0,12,Enabled,,,,,
330,2,29,6,2603,Apostrophes,NULL,NULL,,,,12,0,12,Enabled,,,,,
331,2,29,6,2604,Dashes,NULL,NULL,,,,12,0,12,Enabled,,,,,
332,2,29,6,2605,Capitalization,NULL,NULL,,,,12,0,12,Enabled,,,,,
333,2,29,6,2606,Titles,NULL,NULL,,,,12,0,12,Enabled,,,,,
334,2,29,6,2607,Quotations And Dialogue,NULL,NULL,,,,12,0,12,Enabled,,,,,
335,2,37,6,2608,Exclamatory Sentences In Response To Prompts,NULL,NULL,,,,12,0,12,Enabled,,,,,
336,2,33,6,2609,Sentence Types,NULL,NULL,,,,12,0,12,Enabled,,,,,
337,2,31,6,2610,Subject And Predicate,NULL,NULL,,,,12,0,12,Enabled,,,,,
338,2,33,6,2611,"Sentences, Fragments, And Run-Ons",NULL,NULL,,,,12,0,12,Enabled,,,,,
339,2,33,6,2612,"Simple, Compound, And Complex Sentences",NULL,NULL,,,,12,0,12,Enabled,,,,,
340,2,27,6,2613,Inappropriate Pronoun Shifts,NULL,NULL,,,,12,0,12,Enabled,,,,,
341,2,27,6,2614,Vague Pronoun References,NULL,NULL,,,,12,0,12,Enabled,,,,,
342,2,31,6,2615,Inappropriate Shifts In Verb Tense,NULL,NULL,,,,12,0,12,Enabled,,,,,
343,2,31,6,2616,Subject-Verb Agreement,NULL,NULL,,,,12,0,12,Enabled,,,,,
344,2,26,6,2617,Common And Proper Nouns,NULL,NULL,,,,12,0,12,Enabled,,,,,
345,2,26,6,2618,Regular Plural Nouns,NULL,NULL,,,,12,0,12,Enabled,,,,,
346,2,26,6,2619,Possessive Nouns,NULL,NULL,,,,12,0,12,Enabled,,,,,
347,2,27,6,2620,Pronouns And Antecedents,NULL,NULL,,,,12,0,12,Enabled,,,,,
348,2,27,6,2621,Subject And Object Pronouns,NULL,NULL,,,,12,0,12,Enabled,,,,,
349,2,27,6,2622,Possessive Pronouns,NULL,NULL,,,,12,0,12,Enabled,,,,,
350,2,27,6,2623,Reflexive And Intensive Pronouns,NULL,NULL,,,,12,0,12,Enabled,,,,,
351,2,31,6,2624,Simple Verb Tense Review,NULL,NULL,,,,12,0,12,Enabled,,,,,
352,2,32,6,2625,Helping Verbs,NULL,NULL,,,,12,0,12,Enabled,,,,,
353,2,31,6,2626,Progressive Verb Tenses,NULL,NULL,,,,12,0,12,Enabled,,,,,
354,2,31,6,2627,Perfect Verb Tenses,NULL,NULL,,,,12,0,12,Enabled,,,,,
355,2,32,6,2628,Linking Verbs,NULL,NULL,,,,12,0,12,Enabled,,,,,
356,2,31,6,2629,Irregular  Verbs,NULL,NULL,,,,12,0,12,Enabled,,,,,
357,2,28,6,2630,Adjectives,NULL,NULL,,,,12,0,12,Enabled,,,,,
358,2,27,6,2631,Contractions,NULL,NULL,,,,12,0,12,Enabled,,,,,
359,2,28,6,2632,Adverbs,NULL,NULL,,,,12,0,12,Enabled,,,,,
360,2,28,6,2633,Adjectives That Compare,NULL,NULL,,,,12,0,12,Enabled,,,,,
361,2,28,6,2634,Adjectives Phrases,NULL,NULL,,,,12,0,12,Enabled,,,,,
362,2,28,6,2635,Adverbs That Compare,NULL,NULL,,,,12,0,12,Enabled,,,,,
363,2,27,6,2636,Relative Pronouns And Relative Adverbs,NULL,NULL,,,,12,0,12,Enabled,,,,,
364,2,31,6,2637,Prepositions,NULL,NULL,,,,12,0,12,Enabled,,,,,
365,2,31,6,2638,Conjunctions,NULL,NULL,,,,12,0,12,Enabled,,,,,
366,2,31,6,2639,Subordinating Conjunctions,NULL,NULL,,,,12,0,12,Enabled,,,,,
367,2,31,6,2640,Correlative Conjunctions,NULL,NULL,,,,12,0,12,Enabled,,,,,
368,2,36,6,2641,Multiple-Meaning Words,NULL,NULL,,,,12,0,12,Enabled,,,,,
369,2,35,6,2642,Homophones,NULL,NULL,,,,12,0,12,Enabled,,,,,
370,2,36,6,2643,Frequently Confused Words,NULL,NULL,,,,12,0,12,Enabled,,,,,
371,2,35,6,2644,Analogies,NULL,NULL,,,,12,0,12,Enabled,,,,,
372,2,35,6,2645,Synonyms,NULL,NULL,,,,12,0,12,Enabled,,,,,
373,2,35,6,2646,Antonyms,NULL,NULL,,,,12,0,12,Enabled,,,,,
374,2,36,6,2647,Verb Phrases,NULL,NULL,,,,12,0,12,Enabled,,,,,
375,2,36,6,2648,Prefixes,NULL,NULL,,,,12,0,12,Enabled,,,,,
376,2,36,6,2649,Suffixes,NULL,NULL,,,,12,0,12,Enabled,,,,,
377,2,36,6,2650,Verb-Actions Or To Be,NULL,NULL,,,,12,0,12,Enabled,,,,,
378,2,35,6,2651,Dictionary Skills,NULL,NULL,,,,12,0,12,Enabled,,,,,
379,2,35,6,2652,Appositive,NULL,NULL,,,,12,0,12,Enabled,,,,,
380,2,30,6,2653,Idioms And Adages,NULL,NULL,,,,12,0,12,Enabled,,,,,
381,2,30,6,2654,Personifications,NULL,NULL,,,,12,0,12,Enabled,,,,,
382,2,30,6,2655,Figures Of Speech,NULL,NULL,,,,12,0,12,Enabled,,,,,
383,2,37,6,2656,Formal And Informal Language,NULL,NULL,,,,12,0,12,Enabled,,,,,
384,2,36,3,2341,Exclamatory Sentences In Response To Prompts,NULL,NULL,,,,12,0,12,Enabled,,,,,
385,2,36,3,2342,Simple Predicates,NULL,NULL,,,,12,0,12,Enabled,,,,,
386,2,36,3,2343,Abbreviations,NULL,NULL,,,,12,0,12,Enabled,,,,,
387,2,28,4,2450,Double Negatives,NULL,NULL,,,,12,0,12,Enabled,,,,,
388,2,36,5,2545,Similes,NULL,NULL,,,,12,0,12,Enabled,,,,,
389,2,31,5,2546,"Combining Sentences, Subjects",NULL,NULL,,,,12,0,12,Enabled,,,,,
390,2,31,5,2547,"Which, That ,Who Clause",NULL,NULL,,,,12,0,12,Enabled,,,,,
391,2,31,5,2548,Commas,NULL,NULL,,,,12,0,12,Enabled,,,,,
392,2,31,5,2549,Punctuation,NULL,NULL,,,,12,0,12,Enabled,,,,,
393,2,31,5,2550,Comparative And Superlative,NULL,NULL,,,,12,0,12,Enabled,,,,,
394,2,31,5,2551,Direct/Indirect Objects,NULL,NULL,,,,12,0,12,Enabled,,,,,
395,2,31,5,2552,Irregular Verbs,NULL,NULL,,,,12,0,12,Enabled,,,,,
396,2,31,5,2553,Verbs,NULL,NULL,,,,12,0,12,Enabled,,,,,
397,2,31,6,2657,Adverbs-Phrases,NULL,NULL,,,,12,0,12,Enabled,,,,,
398,2,31,6,2658,Verbs Infinitive,NULL,NULL,,,,12,0,12,Enabled,,,,,
399,2,31,6,2659,Personal Pronouns,NULL,NULL,,,,12,0,12,Enabled,,,,,
400,1,8,4,1425,Rounding,NULL,NULL,,,,12,0,12,Enabled,,,,,