1,1,1,100001,,5,,N,0,,,,,
2,1,1,100002,,6,,Y,1,,,,,
3,1,1,100003,,8,,N,0,,,,,
4,1,1,100004,,9,,N,0,,,,,
5,1,2,100005,,4,,N,0,,,,,
6,1,2,100006,,2,,N,0,,,,,
7,1,2,100007,,3,,Y,1,,,,,
8,1,2,100008,,6,,N,0,,,,,
9,1,3,100009,,9,,N,0,,,,,
10,1,3,100010,,10,,N,0,,,,,
11,1,3,100011,,8,,Y,1,,,,,
12,1,3,100012,,12,,N,0,,,,,
13,1,4,100013,,,baseball-7.JPG,N,0,,,,,
14,1,4,100014,,,8-baseball-bats.JPG,Y,1,,,,,
15,1,4,100015,,,baseball-4.JPG,N,0,,,,,
16,1,5,100016,,13,,Y,1,,,,,
17,1,5,100017,,15,,N,0,,,,,
18,1,5,100018,,20,,N,0,,,,,
19,1,5,100019,,12,,N,0,,,,,
20,1,6,100020,,1,,N,0,,,,,
21,1,6,100021,,2,,Y,1,,,,,
22,1,6,100022,,3,,N,0,,,,,
23,1,6,100023,,4,,N,0,,,,,
24,1,11,100028,,6,,N,0,,,,,
25,1,11,100029,,3,,N,0,,,,,
26,1,11,100030,,4,,N,0,,,,,
27,1,11,100031,,5,,Y,1,,,,,
28,1,12,100032,,,tennis-rackets-5.png,N,0,,,,,
29,1,12,100033,,,tennis-rackets-7.png,N,0,,,,,
30,1,12,100034,,,tennis-rackets-8.png,Y,1,,,,,
31,1,12,100035,,,tennis-rackets-4.png,N,0,,,,,
32,1,14,100037,,10,,N,0,,,,,
33,1,14,100038,,12,,N,0,,,,,
34,1,14,100039,,8,,N,0,,,,,
35,1,14,100040,,9,,Y,1,,,,,
36,1,15,100041,,20,,N,0,,,,,
37,1,15,100042,,18,,Y,1,,,,,
38,1,15,100043,,15,,N,0,,,,,
39,1,15,100044,,19,,N,0,,,,,
40,1,17,100046,,,squares-6.png,N,0,,,,,
41,1,17,100047,,,squares-5.png,N,0,,,,,
42,1,17,100048,,,squares-4.png,N,0,,,,,
43,1,17,100049,,,squares-7.png,Y,1,,,,,
44,2,22,100054,,2+7,,N,0,,,,,
45,2,22,100055,,5+6,,N,0,,,,,
46,2,22,100056,,7+3,,Y,1,,,,,
47,2,22,100057,,8+4,,N,0,,,,,
48,2,24,100059,,11+12,,N,0,,,,,
49,2,24,100060,,15+3,,N,0,,,,,
50,2,24,100061,,10+10,,Y,1,,,,,
51,2,24,100062,,16+2,,N,0,,,,,
52,2,25,100063,,24,,N,0,,,,,
53,2,25,100064,,22,,Y,1,,,,,
54,2,25,100065,,25,,N,0,,,,,
55,2,25,100066,,20,,N,0,,,,,
56,2,26,100067,,3,,N,0,,,,,
57,2,26,100068,,7,,N,0,,,,,
58,2,26,100069,,8,,N,0,,,,,
59,2,26,100070,,6,,Y,1,,,,,
60,2,28,100072,,7+8,,Y,1,,,,,
61,2,28,100073,,10+4,,N,0,,,,,
62,2,28,100074,,9+6,,N,0,,,,,
63,2,28,100075,,13+6,,N,0,,,,,
64,2,34,100081,,23,,N,0,,,,,
65,2,34,100082,,27,,Y,1,,,,,
66,2,34,100083,,25,,N,0,,,,,
67,2,34,100084,,28,,N,0,,,,,
68,3,41,100091,,9,,N,0,,,,,
69,3,41,100092,,7,,Y,1,,,,,
70,3,41,100093,,6,,N,0,,,,,
71,3,41,100094,,8,,N,0,,,,,
72,3,42,100095,,6,,N,0,,,,,
73,3,42,100096,,4,,N,0,,,,,
74,3,42,100097,,3,,Y,1,,,,,
75,3,42,100098,,2,,N,0,,,,,
76,3,43,100099,,7,,Y,1,,,,,
77,3,43,100100,,4,,N,0,,,,,
78,3,43,100101,,3,,N,0,,,,,
79,3,43,100102,,2,,N,0,,,,,
80,3,44,100103,,6,,N,0,,,,,
81,3,44,100104,,1,,Y,1,,,,,
82,3,44,100105,,4,,N,0,,,,,
83,3,44,100106,,8,,N,0,,,,,
84,3,45,100107,,5,,Y,1,,,,,
85,3,45,100108,,6,,N,0,,,,,
86,3,45,100109,,7,,N,0,,,,,
87,3,45,100110,,8,,N,0,,,,,
88,3,49,100114,,12,,N,0,,,,,
89,3,49,100115,,7,,N,0,,,,,
90,3,49,100116,,9,,N,0,,,,,
91,3,49,100117,,10,,Y,1,,,,,
92,3,50,100118,,18,,Y,1,,,,,
93,3,50,100119,,15,,N,0,,,,,
94,3,50,100120,,20,,N,0,,,,,
95,3,50,100121,,17,,N,0,,,,,
96,3,51,100122,,25,,N,0,,,,,
97,3,51,100123,,20,,N,0,,,,,
98,3,51,100124,,22,,Y,1,,,,,
99,3,51,100125,,27,,N,0,,,,,
100,4,61,100135,,Square,,N,0,,,,,
101,4,61,100136,,Rectangle,,N,0,,,,,
102,4,61,100137,,Circle,,Y,1,,,,,
103,4,61,100138,,Triangle,,N,0,,,,,
104,4,62,100139,,Square,,Y,1,,,,,
105,4,62,100140,,Rectangle,,N,0,,,,,
106,4,62,100141,,Circle,,N,0,,,,,
107,4,62,100142,,Triangle,,N,0,,,,,
108,4,63,100143,,Square,,N,0,,,,,
109,4,63,100144,,Rectangle,,N,0,,,,,
110,4,63,100145,,Circle,,N,0,,,,,
111,4,63,100146,,Triangle,,Y,1,,,,,
112,4,64,100147,,Square,,N,0,,,,,
113,4,64,100148,,Rectangle,,Y,1,,,,,
114,4,64,100149,,Circle,,N,0,,,,,
115,4,64,100150,,Triangle,,N,0,,,,,
116,4,65,100151,,5,,N,0,,,,,
117,4,65,100152,,6,,N,0,,,,,
118,4,65,100153,,3,,N,0,,,,,
119,4,65,100154,,4,,Y,1,,,,,
120,4,66,100155,,1,,N,0,,,,,
121,4,66,100156,,2,,N,0,,,,,
122,4,66,100157,,3,,Y,1,,,,,
123,4,66,100158,,4,,N,0,,,,,
124,4,67,100159,,4,,Y,1,,,,,
125,4,67,100160,,3,,N,0,,,,,
126,4,67,100161,,2,,N,0,,,,,
127,4,67,100162,,5,,N,0,,,,,
128,4,68,100163,,0,,N,0,,,,,
129,4,68,100164,,1,,Y,1,,,,,
130,4,68,100165,,2,,N,0,,,,,
131,4,68,100166,,3,,N,0,,,,,
132,4,69,100167,,,square.jpg,Y,1,,,,,
133,4,69,100168,,,circle.png,N,0,,,,,
134,4,69,100169,,,triangle.jpg,N,0,,,,,
135,4,69,100170,,,rectangle.jpg,N,0,,,,,
136,4,70,100171,,,square.jpg,N,0,,,,,
137,4,70,100172,,,circle.png,N,0,,,,,
138,4,70,100173,,,triangle.jpg,Y,1,,,,,
139,4,70,100174,,,rectangle.jpg,N,0,,,,,
140,4,71,100175,,,square.jpg,N,0,,,,,
141,4,71,100176,,,circle.png,N,0,,,,,
142,4,71,100177,,,triangle.jpg,N,0,,,,,
143,4,71,100178,,,rectangle.jpg,Y,1,,,,,
144,4,72,100179,,Trapezoid,trapezoid.png,N,0,,,,,
145,4,72,100180,,Pentagon,pentagon.png,Y,1,,,,,
146,4,72,100181,,Rectangle,rectangle.jpg,N,0,,,,,
147,4,72,100182,,Octagon,octagon.png,N,0,,,,,
148,4,73,100183,,Square,square.jpg,Y,1,,,,,
149,4,73,100184,,Circle,circle.png,N,0,,,,,
150,4,73,100185,,Pentagon,pentagon.png,N,0,,,,,
151,4,73,100186,,Triangle,right-triangle.png,N,0,,,,,
152,4,74,100187,,Hexagon,hexagon.png,N,0,,,,,
153,4,74,100188,,Rectangle,rectangle.jpg,N,0,,,,,
154,4,74,100189,,Pentagon,pentagon.png,N,0,,,,,
155,4,74,100190,,Triangle,right-triangle.png,Y,1,,,,,
156,4,75,100191,,Square,square.jpg,N,0,,,,,
157,4,75,100192,,Hexagon,hexagon.png,N,0,,,,,
158,4,75,100193,,Pentagon,pentagon.png,Y,1,,,,,
159,4,75,100194,,Rectangle,rectangle.jpg,N,0,,,,,
160,4,76,100195,,Hexagon,hexagon.png,Y,1,,,,,
161,4,76,100196,,Pentagon,pentagon.png,N,0,,,,,
162,4,76,100197,,Octagon,octagon.png,N,0,,,,,
163,4,76,100198,,Square,square.jpg,N,0,,,,,
164,4,77,100199,,Square,square.jpg,N,0,,,,,
165,4,77,100200,,Triangle,triangle.jpg,N,0,,,,,
166,4,77,100201,,Hexagon,hexagon.png,N,0,,,,,
167,4,77,100202,,Octagon,octagon.png,Y,1,,,,,
168,4,80,100205,,TRUE,,Y,1,,,,,
169,4,80,100206,,FALSE,,N,0,,,,,
170,5,81,100207,,Hexagon,,N,0,,,,,
171,5,81,100208,,Pentagon,,Y,1,,,,,
172,5,81,100209,,Equal Chance,,N,0,,,,,
173,5,82,100210,,Soccer ball,,N,0,,,,,
174,5,82,100211,,Football,,Y,1,,,,,
175,5,82,100212,,Equal Chance,,N,0,,,,,
176,5,83,100213,,Red,,Y,1,,,,,
177,5,83,100214,,Yellow,,N,0,,,,,
178,5,83,100215,,Equal Chance,,N,0,,,,,
179,5,84,100216,,Strawberry,,Y,1,,,,,
180,5,84,100217,,Lemon,,N,0,,,,,
181,5,84,100218,,Equal Chance,,N,0,,,,,
182,5,85,100219,,Heart,,N,0,,,,,
183,5,85,100220,,Star,,Y,1,,,,,
184,5,85,100221,,Equal Chance,,N,0,,,,,
185,5,86,100222,,Lemon,,N,0,,,,,
186,5,86,100223,,Strawberry,,N,0,,,,,
187,5,86,100224,,Equal Chance,,Y,1,,,,,
188,5,87,100225,,For Sure,,N,0,,,,,
189,5,87,100226,,Most Likely,,Y,1,,,,,
190,5,87,100227,,Less Likely ,,N,0,,,,,
191,5,87,100228,,Indefinite ,,N,0,,,,,
192,5,88,100229,,For Sure,,N,0,,,,,
193,5,88,100230,,Most Likely,,Y,1,,,,,
194,5,88,100231,,Less Likely ,,N,0,,,,,
195,5,88,100232,,Indefinite ,,N,0,,,,,
196,5,89,100233,,For Sure,,N,0,,,,,
197,5,89,100234,,Most Likely,,N,0,,,,,
198,5,89,100235,,Less Likely ,,Y,1,,,,,
199,5,89,100236,,Indefinite ,,N,0,,,,,
200,5,90,100237,,For Sure,,N,0,,,,,
201,5,90,100238,,Most Likely,,Y,1,,,,,
202,5,90,100239,,Less Likely ,,N,0,,,,,
203,5,90,100240,,Indefinite ,,N,0,,,,,
204,5,91,100241,,For Sure,,N,0,,,,,
205,5,91,100242,,Most Likely,,N,0,,,,,
206,5,91,100243,,Less Likely ,,Y,1,,,,,
207,5,91,100244,,Indefinite ,,N,0,,,,,
208,5,92,100245,,For Sure,,Y,1,,,,,
209,5,92,100246,,Most Likely,,N,0,,,,,
210,5,92,100247,,Less Likely ,,N,0,,,,,
211,5,92,100248,,Indefinite ,,N,0,,,,,
212,5,93,100249,,For Sure,,N,0,,,,,
213,5,93,100250,,Most Likely,,N,0,,,,,
214,5,93,100251,,Less Likely ,,N,0,,,,,
215,5,93,100252,,Indefinite ,,Y,1,,,,,
216,5,94,100253,,For Sure,,N,0,,,,,
217,5,94,100254,,Most Likely,,Y,1,,,,,
218,5,94,100255,,Less Likely ,,N,0,,,,,
219,5,94,100256,,Indefinite ,,N,0,,,,,
220,5,95,100257,,For Sure,,N,0,,,,,
221,5,95,100258,,Most Likely,,N,0,,,,,
222,5,95,100259,,Less Likely ,,Y,1,,,,,
223,5,95,100260,,Indefinite ,,N,0,,,,,
224,5,96,100261,,Red,,Y,1,,,,,
225,5,96,100262,,Green,,N,0,,,,,
226,5,96,100263,,Yellow,,N,0,,,,,
227,5,96,100264,,Equal Chance,,N,0,,,,,
228,5,97,100265,,Red,,N,0,,,,,
229,5,97,100266,,Green,,N,0,,,,,
230,5,97,100267,,Yellow,,Y,1,,,,,
231,5,97,100268,,Equal Chance,,N,0,,,,,
232,5,98,100269,,Red,,N,0,,,,,
233,5,98,100270,,Green,,N,0,,,,,
234,5,98,100271,,Yellow,,Y,1,,,,,
235,5,98,100272,,Equal Chance,,N,0,,,,,
236,5,99,100273,,Red,,Y,1,,,,,
237,5,99,100274,,Green,,N,0,,,,,
238,5,99,100275,,Yellow,,N,0,,,,,
239,5,99,100276,,Equal Chance,,N,0,,,,,
240,5,100,100277,,Red,,N,0,,,,,
241,5,100,100278,,Green,,N,0,,,,,
242,5,100,100279,,Yellow,,N,0,,,,,
243,5,100,100280,,Equal Chance,,Y,1,,,,,
244,6,101,100281,,About 10,,Y,1,,,,,
245,6,101,100282,,About 5,,N,0,,,,,
246,6,101,100283,,About 20,,N,0,,,,,
247,6,102,100284,,About 5,,N,0,,,,,
248,6,102,100285,,About 10,,N,0,,,,,
249,6,102,100286,,About 15,,Y,1,,,,,
250,6,103,100287,,About 15,,N,0,,,,,
251,6,103,100288,,About 30,,Y,1,,,,,
252,6,103,100289,,About 40,,N,0,,,,,
253,6,104,100290,,About 10,,Y,1,,,,,
254,6,104,100291,,About 15,,N,0,,,,,
255,6,104,100292,,About 20,,N,0,,,,,
256,6,105,100293,,About 70,,N,0,,,,,
257,6,105,100294,,About 65,,N,0,,,,,
258,6,105,100295,,About 55,,Y,1,,,,,
259,6,106,100296,,About 5,,N,0,,,,,
260,6,106,100297,,About 10,,Y,1,,,,,
261,6,106,100298,,About 15,,N,0,,,,,
262,6,107,100299,,About 5,,Y,1,,,,,
263,6,107,100300,,About 10,,N,0,,,,,
264,6,107,100301,,About 15,,N,0,,,,,
265,6,108,100302,,About 5,,N,0,,,,,
266,6,108,100303,,About 10,,Y,1,,,,,
267,6,108,100304,,About 15,,N,0,,,,,
268,6,109,100305,,About 5,,N,0,,,,,
269,6,109,100306,,About 10,,Y,1,,,,,
270,6,109,100307,,About 15,,N,0,,,,,
271,6,110,100308,,About 10,,N,0,,,,,
272,6,110,100309,,About 15,,N,0,,,,,
273,6,110,100310,,About 20,,Y,1,,,,,
274,6,111,100311,,0,,N,0,,,,,
275,6,111,100312,,10,,Y,1,,,,,
276,6,111,100313,,20,,N,0,,,,,
277,6,112,100314,,10,,N,0,,,,,
278,6,112,100315,,20,,Y,1,,,,,
279,6,112,100316,,30,,N,0,,,,,
280,6,113,100317,,10,,N,0,,,,,
281,6,113,100318,,20,,Y,1,,,,,
282,6,113,100319,,30,,N,0,,,,,
283,6,116,100322,,25+22,,Y,1,,,,,
284,6,116,100323,,30+35,,N,0,,,,,
285,6,116,100324,,20+18,,N,0,,,,,
286,6,116,100325,,30+12,,N,0,,,,,
287,6,117,100326,,50+14,,N,0,,,,,
288,6,117,100327,,60+30,,N,0,,,,,
289,6,117,100328,,30+40,,Y,1,,,,,
290,6,117,100329,,70+10,,N,0,,,,,
291,6,118,100330,,50+21,,N,0,,,,,
292,6,118,100331,,25+42,,N,0,,,,,
293,6,118,100332,,20+50,,N,0,,,,,
294,6,118,100333,,32+35,,Y,1,,,,,
295,6,119,100334,,70+20,,Y,1,,,,,
296,6,119,100335,,50+30,,N,0,,,,,
297,6,119,100336,,40+62,,N,0,,,,,
298,6,119,100337,,53+29,,N,0,,,,,
299,6,120,100338,,30+45,,N,0,,,,,
300,6,120,100339,,70+12,,Y,1,,,,,
301,6,120,100340,,52+25,,N,0,,,,,
302,6,120,100341,,30+62,,N,0,,,,,
303,7,121,100342,,Right,,N,0,,,,,
304,7,121,100343,,Center,,N,0,,,,,
305,7,121,100344,,Left,,Y,1,,,,,
306,7,122,100345,,Circle,,N,0,,,,,
307,7,122,100346,,Square,,N,0,,,,,
308,7,122,100347,,Triangle,,Y,1,,,,,
309,7,123,100348,,Right,,Y,1,,,,,
310,7,123,100349,,Center,,N,0,,,,,
311,7,123,100350,,Left,,N,0,,,,,
312,7,124,100351,,Coconuts,,N,0,,,,,
313,7,124,100352,,Tomatoes,,Y,1,,,,,
314,6,124,100353,,Broccoli ,,N,0,,,,,
315,6,125,100354,,Left,,Y,1,,,,,
316,6,125,100355,,Right,,N,0,,,,,
317,6,126,100356,,Banana,,N,0,,,,,
318,6,126,100357,,Apple,,Y,1,,,,,
319,6,126,100358,,Grapes,,N,0,,,,,
320,6,127,100359,,Apple,,N,0,,,,,
321,6,127,100360,,Banana,,Y,1,,,,,
322,6,128,100361,,Top,,N,0,,,,,
323,6,128,100362,,Bottom,,Y,1,,,,,
324,6,129,100363,,Center,,Y,1,,,,,
325,6,129,100364,,Top,,N,0,,,,,
326,6,129,100365,,Bottom,,N,0,,,,,
327,6,130,100366,,Baseball,,N,0,,,,,
328,6,130,100367,,Basketball ,,Y,1,,,,,
329,6,131,100368,,Star,,N,0,,,,,
330,6,131,100369,,Circle,,N,0,,,,,
331,6,131,100370,,Square ,,N,0,,,,,
332,6,131,100371,,Triangle,,N,0,,,,,
333,6,132,100372,,Star,,N,0,,,,,
334,6,132,100373,,Circle,,Y,1,,,,,
335,6,132,100374,,Square ,,N,0,,,,,
336,6,132,100375,,Triangle,,N,0,,,,,
337,6,133,100376,,Star,,N,0,,,,,
338,6,133,100377,,Circle,,N,0,,,,,
339,6,133,100378,,Square ,,Y,1,,,,,
340,6,133,100379,,Triangle,,N,0,,,,,
341,6,134,100380,,Ping Pong,,N,0,,,,,
342,6,134,100381,,Basketball ,,Y,1,,,,,
343,6,134,100382,,Baseball,,N,0,,,,,
344,6,134,100383,,Soccer,,N,0,,,,,
345,6,134,100384,,Tennis,,N,0,,,,,
346,6,134,100385,,Football,,N,0,,,,,
347,6,135,100386,,Ping Pong,,N,0,,,,,
348,6,135,100387,,Basketball ,,N,0,,,,,
349,6,135,100388,,Baseball,,N,0,,,,,
350,6,135,100389,,Soccer,,Y,1,,,,,
351,6,135,100390,,Tennis,,N,0,,,,,
352,6,135,100391,,Football,,N,0,,,,,
353,7,136,100395,,Soccer,,Y,1,,,,,
354,7,136,100396,,Tennis,,N,0,,,,,
355,7,136,100397,,Football,,N,0,,,,,
356,7,137,100398,,Top Left,,N,0,,,,,
357,7,137,100399,,Top Center,,N,0,,,,,
358,7,137,100400,,Top Right,,N,0,,,,,
359,7,137,100401,,Center Left,,N,0,,,,,
360,7,137,100402,,Center,,Y,1,,,,,
361,7,137,100403,,Center Right,,N,0,,,,,
362,7,137,100404,,Bottom Left,,N,0,,,,,
363,7,137,100405,,Bottom Center,,N,0,,,,,
364,7,137,100406,,Bottom Right,,N,0,,,,,
365,7,138,100407,,Top Left,,N,0,,,,,
366,7,138,100408,,Top Center,,N,0,,,,,
367,7,138,100409,,Top Right,,Y,1,,,,,
368,7,138,100410,,Center Left,,N,0,,,,,
369,7,138,100411,,Center,,N,0,,,,,
370,7,138,100412,,Center Right,,N,0,,,,,
371,7,138,100413,,Bottom Left,,N,0,,,,,
372,7,138,100414,,Bottom Center,,N,0,,,,,
373,7,138,100415,,Bottom Right,,N,0,,,,,
374,7,139,100416,,Top Left,,N,0,,,,,
375,7,139,100417,,Top Center,,N,0,,,,,
376,7,139,100418,,Top Right,,N,0,,,,,
377,7,139,100419,,Center Left,,N,0,,,,,
378,7,139,100420,,Center,,N,0,,,,,
379,7,139,100421,,Center Right,,N,0,,,,,
380,7,139,100422,,Bottom Left,,Y,1,,,,,
381,7,139,100423,,Bottom Center,,N,0,,,,,
382,7,139,100424,,Bottom Right,,N,0,,,,,
383,7,140,100425,,Top Left,,N,0,,,,,
384,7,140,100426,,Top Center,,Y,1,,,,,
385,7,140,100427,,Top Right,,N,0,,,,,
386,7,140,100428,,Center Left,,N,0,,,,,
387,7,140,100429,,Center,,N,0,,,,,
388,7,140,100430,,Center Right,,N,0,,,,,
389,7,140,100431,,Bottom Left,,N,0,,,,,
390,7,140,100432,,Bottom Center,,N,0,,,,,
391,7,140,100433,,Bottom Right,,N,0,,,,,
392,8,142,100435,,Soccer,,Y,1,,,,,
393,8,142,100436,,Football,,N,0,,,,,
394,8,142,100437,,Baseball,,N,0,,,,,
395,8,143,100438,,Soccer,,N,0,,,,,
396,8,143,100439,,Football,,Y,1,,,,,
397,8,143,100440,,Baseball,,N,0,,,,,
398,8,146,100443,,Bananas & Apples,,N,0,,,,,
399,8,146,100444,,Lemons & Grapes,,N,0,,,,,
400,8,146,100445,,Grapes & Cherries,,N,0,,,,,
401,8,146,100446,,Cherries & Apples,,Y,1,,,,,
402,8,148,100448,,Banana,,Y,1,,,,,
403,8,148,100449,,Apple,,N,0,,,,,
404,8,148,100450,,Grape,,N,0,,,,,
405,8,148,100451,,Cherry,,N,0,,,,,
406,8,148,100452,,Lemon,,N,0,,,,,
407,8,149,100453,,Banana,,N,0,,,,,
408,8,149,100454,,Apple,,N,0,,,,,
409,8,149,100455,,Grape,,Y,1,,,,,
410,8,149,100456,,Cherry,,N,0,,,,,
411,8,149,100457,,Lemon,,N,0,,,,,
412,8,151,100459,,Star,,Y,1,,,,,
413,8,151,100460,,Trapezoid,,N,0,,,,,
414,8,151,100461,,Circle,,N,0,,,,,
415,8,151,100462,,Triangle,,N,0,,,,,
416,8,152,100463,,Star,,N,0,,,,,
417,8,152,100464,,Trapezoid,,N,0,,,,,
418,8,152,100465,,Circle,,Y,1,,,,,
419,8,152,100466,,Triangle,,N,0,,,,,
420,8,153,100467,,Star,,N,0,,,,,
421,8,153,100468,,Trapezoid,,Y,1,,,,,
422,8,153,100469,,Circle,,N,0,,,,,
423,8,153,100470,,Triangle,,N,0,,,,,
424,8,154,100471,,Star,,N,0,,,,,
425,8,154,100472,,Trapezoid,,N,0,,,,,
426,8,154,100473,,Circle,,N,0,,,,,
427,8,154,100474,,Triangle,,Y,1,,,,,
428,9,161,100481,,,medium-rectangle.png,N,0,,,,,
429,9,161,100482,,,shortest-rectangle.png,N,0,,,,,
430,9,161,100483,,,longest-rectangle.png,Y,1,,,,,
431,9,162,100484,,,medium-rectangle.png,N,0,,,,,
432,9,162,100485,,,shortest-rectangle.png,Y,1,,,,,
433,9,162,100486,,,longest-rectangle.png,N,0,,,,,
434,9,165,100489,,10 centimeters,,N,0,,,,,
435,9,165,100490,,8 centimeters,,N,0,,,,,
436,9,165,100491,,9 centimeters,,Y,1,,,,,
437,9,165,100492,,7 centimeters,,N,0,,,,,
438,9,166,100493,,3 centimeters,,N,0,,,,,
439,9,166,100494,,4 centimeters,,Y,1,,,,,
440,9,166,100495,,5 centimeters,,N,0,,,,,
441,9,166,100496,,6 centimeters,,N,0,,,,,
442,9,167,100497,,11 centimeters,,Y,1,,,,,
443,9,167,100498,,10 centimeters,,N,0,,,,,
444,9,167,100499,,12 centimeters,,N,0,,,,,
445,9,167,100500,,9 centimeters,,N,0,,,,,
446,9,168,100501,,2 cm,,N,0,,,,,
447,9,168,100502,,8 cm,,N,0,,,,,
448,9,168,100503,,10 cm,,N,0,,,,,
449,9,168,100504,,12 cm,,Y,1,,,,,
450,9,169,100505,,4 in,,N,0,,,,,
451,9,169,100506,,5 in,,N,0,,,,,
452,9,169,100507,,6 in,,Y,1,,,,,
453,9,169,100508,,7 in,,N,0,,,,,
454,9,170,100509,,Tori,,Y,1,,,,,
455,9,170,100510,,Rebecca,,N,0,,,,,
456,9,171,100511,,10 inches,,N,0,,,,,
457,9,171,100512,,5 inches,,N,0,,,,,
458,9,171,100513,,8 inches,,N,0,,,,,
459,9,171,100514,,12 inches,,Y,1,,,,,
460,9,172,100515,,12 ounces,,N,0,,,,,
461,9,172,100516,,16 ounces,,Y,1,,,,,
462,9,172,100517,,10 ounces,,N,0,,,,,
463,9,172,100518,,15 ounces,,N,0,,,,,
464,9,173,100519,,10 feet,,N,0,,,,,
465,9,173,100520,,5 feet,,N,0,,,,,
466,9,173,100521,,8 feet,,N,0,,,,,
467,9,173,100522,,3 feet,,Y,1,,,,,
468,9,174,100523,,32 ounces,,Y,1,,,,,
469,9,174,100524,,25 ounces,,N,0,,,,,
470,9,174,100525,,16 ounces,,N,0,,,,,
471,9,174,100526,,20 ounces,,N,0,,,,,
472,9,175,100527,,12 inches,,N,0,,,,,
473,9,175,100528,,24 inches,,Y,1,,,,,
474,9,175,100529,,20 inches,,N,0,,,,,
475,9,175,100530,,15 inches,,N,0,,,,,
476,9,176,100531,,3 feet,,N,0,,,,,
477,9,176,100532,,4 feet,,N,0,,,,,
478,9,176,100533,,5 feet,,N,0,,,,,
479,9,176,100534,,6 feet,,Y,1,,,,,
480,9,177,100535,,50 ounces,,N,0,,,,,
481,9,177,100536,,48 ounces,,Y,1,,,,,
482,9,177,100537,,36 ounces,,N,0,,,,,
483,9,177,100538,,40 ounces,,N,0,,,,,
484,9,178,100539,,38 inches,,Y,1,,,,,
485,9,178,100540,,1 inch,,N,0,,,,,
486,9,178,100541,,20 inches,,N,0,,,,,
487,9,178,100542,,40 inches,,N,0,,,,,
488,9,179,100543,,30 inches,,N,0,,,,,
489,9,179,100544,,45 inches,,N,0,,,,,
490,9,179,100545,,48 inches,,Y,1,,,,,
491,9,179,100546,,50 inches,,N,0,,,,,
492,9,180,100547,,2 yards,,Y,1,,,,,
493,9,180,100548,,3 yards,,N,0,,,,,
494,9,180,100549,,4 yards,,N,0,,,,,
495,9,180,100550,,5 yards,,N,0,,,,,
496,10,181,100551,,13,,N,0,,,,,
497,10,181,100552,,12,,N,0,,,,,
498,10,181,100553,,10,,N,0,,,,,
499,10,181,100554,,11,,Y,1,,,,,
500,10,182,100555,,15,,N,0,,,,,
501,10,182,100556,,14,,N,0,,,,,
502,10,182,100557,,13,,N,0,,,,,
503,10,182,100558,,12,,Y,1,,,,,
504,10,183,100559,,23,,Y,1,,,,,
505,10,183,100560,,24,,N,0,,,,,
506,10,183,100561,,25,,N,0,,,,,
507,10,183,100562,,26,,N,0,,,,,
508,10,187,100566,,,plus.jpg,Y,1,,,,,
509,10,187,100567,,,minus.png,N,0,,,,,
510,10,188,100568,,,plus.jpg,N,0,,,,,
511,10,188,100569,,,minus.png,Y,1,,,,,
512,10,189,100570,,,plus.jpg,N,0,,,,,
513,10,189,100571,,,minus.png,Y,1,,,,,
514,10,190,100572,,,plus.jpg,Y,1,,,,,
515,10,190,100573,,,minus.png,N,0,,,,,
516,11,201,100584,,Tommy,,Y,1,,,,,
517,11,201,100585,,Rachael ,,N,0,,,,,
518,11,202,100586,,Beatrice,,N,0,,,,,
519,11,202,100587,,Phoebe,,Y,1,,,,,
520,11,203,100588,,Apple,,Y,1,,,,,
521,11,203,100589,,Banana,,N,0,,,,,
522,11,203,100590,,Equal,,N,0,,,,,
523,11,204,100591,,Triangle,,Y,1,,,,,
524,11,204,100592,,Star,,N,0,,,,,
525,11,204,100593,,Equal,,N,0,,,,,
526,11,205,100594,,Triangle,,N,0,,,,,
527,11,205,100595,,Star,,Y,1,,,,,
528,11,205,100596,,Circle,,N,0,,,,,
529,11,206,100597,,Triangle,,Y,1,,,,,
530,11,206,100598,,Star,,N,0,,,,,
531,11,206,100599,,Circle,,N,0,,,,,
532,11,207,100600,,Greater than,,Y,1,,,,,
533,11,207,100601,,Less than,,N,0,,,,,
534,11,207,100602,,Equal to,,N,0,,,,,
535,11,208,100603,,Greater than,,N,0,,,,,
536,11,208,100604,,Less than,,N,0,,,,,
537,11,208,100605,,Equal to,,Y,1,,,,,
538,11,209,100606,,Greater than,,N,0,,,,,
539,11,209,100607,,Less than,,Y,1,,,,,
540,11,209,100608,,Equal to,,N,0,,,,,
541,11,210,100609,,Greater than,,Y,1,,,,,
542,11,210,100610,,Less than,,N,0,,,,,
543,11,210,100611,,Equal to,,N,0,,,,,
544,11,211,100612,,Greater than,,Y,1,,,,,
545,11,211,100613,,Less than,,N,0,,,,,
546,11,211,100614,,Equal to,,N,0,,,,,
547,11,212,100615,,Greater than,,N,0,,,,,
548,11,212,100616,,Less than,,Y,1,,,,,
549,11,212,100617,,Equal to,,N,0,,,,,
550,11,213,100618,,Greater than,,N,0,,,,,
551,11,213,100619,,Less than,,N,0,,,,,
552,11,213,100620,,Equal to,,Y,1,,,,,
553,11,214,100621,,Greater than,,N,0,,,,,
554,11,214,100622,,Less than,,Y,1,,,,,
555,11,214,100623,,Equal to,,N,0,,,,,
556,11,215,100624,,Greater than,,Y,1,,,,,
557,11,215,100625,,Less than,,N,0,,,,,
558,11,215,100626,,Equal to,,N,0,,,,,
559,11,216,100627,,>,,N,0,,,,,
560,11,216,100628,,<,,Y,1,,,,,
561,11,216,100629,,=,,N,0,,,,,
562,11,217,100630,,>,,N,0,,,,,
563,11,217,100631,,<,,Y,1,,,,,
564,11,217,100632,,=,,N,0,,,,,
565,11,218,100633,,>,,Y,1,,,,,
566,11,218,100634,,<,,N,0,,,,,
567,11,218,100635,,=,,N,0,,,,,
568,11,219,100636,,>,,N,0,,,,,
569,11,219,100637,,<,,N,0,,,,,
570,11,219,100638,,=,,Y,1,,,,,
571,11,220,100639,,>,,Y,1,,,,,
572,11,220,100640,,<,,N,0,,,,,
573,11,220,100641,,=,,N,0,,,,,
574,12,221,100642,,,star.png,N,0,,,,,
575,12,221,100643,,,square.png,Y,1,,,,,
576,12,222,100644,,,baseball.JPG,Y,1,,,,,
577,12,222,100645,,,baseketball.jpg,N,0,,,,,
578,12,223,100646,,,hexagon.png,Y,1,,,,,
579,12,223,100647,,,square.png,N,0,,,,,
580,12,224,100648,,,hexagon.png,N,0,,,,,
581,12,224,100649,,,square.png,N,0,,,,,
582,12,224,100650,,,trapezoid.png,Y,1,,,,,
583,12,225,100651,,,hexagon.png,N,0,,,,,
584,12,225,100652,,,square.png,N,0,,,,,
585,12,225,100653,,,trapezoid.png,Y,1,,,,,
586,12,226,100654,,,complexs-basebask-ans1.png,N,0,,,,,
587,12,226,100655,,,complexs-basebask-ans2.png,Y,1,,,,,
588,12,226,100656,,,complexs-basebask-ans3.png,N,0,,,,,
589,12,226,100657,,,complexs-basebask-ans4.png,N,0,,,,,
590,12,227,100658,,,seqoctpentans1.png,Y,1,,,,,
591,12,227,100659,,,seqoctpentans2.png,N,0,,,,,
592,12,227,100660,,,seqoctpentans3.png,N,0,,,,,
593,12,227,100661,,,seqoctpentans4.png,N,0,,,,,
594,12,229,100663,,,seqewaffesbrocans1.png,N,0,,,,,
595,12,229,100664,,,seqewaffesbrocans2.png,N,0,,,,,
596,12,229,100665,,,seqewaffesbrocans3.png,N,0,,,,,
597,12,229,100666,,,seqewaffesbrocans4.png,Y,1,,,,,
598,12,231,100668,,,icecreamcakesequence1.png,Y,1,,,,,
599,12,231,100669,,,icecreamcakesequence2.png,N,0,,,,,
600,12,231,100670,,,icecreamcakesequence3.png,N,0,,,,,
601,12,232,100671,,,hexagoncirclesequence1.png,N,0,,,,,
602,12,232,100672,,,hexagoncirclesequence2.png,Y,1,,,,,
603,12,232,100673,,,hexagoncirclesequence3.png,N,0,,,,,
604,12,233,100674,,,coconutsandpizzaseq1.png,Y,1,,,,,
605,12,233,100675,,,coconutsandpizzaseq2.png,N,0,,,,,
606,12,233,100676,,,coconutsandpizzaseq3.png,N,0,,,,,
607,12,234,100677,,,telescopesandbasketballseq1.png,N,0,,,,,
608,12,234,100678,,,telescopesandbasketballseq2.png,Y,1,,,,,
609,12,234,100679,,,telescopesandbasketballseq3.png,N,0,,,,,
610,12,235,100680,,,pinkandpurpleflowerseq1.png,N,0,,,,,
611,12,235,100681,,,pinkandpurpleflowerseq2.png,N,0,,,,,
612,12,235,100682,,,pinkandpurpleflowerseq3.png,Y,1,,,,,
613,12,236,100683,,ABBABB,,N,0,,,,,
614,12,236,100684,,AABAAB,,N,0,,,,,
615,12,236,100685,,ABABAB,,Y,1,,,,,
616,12,236,100686,,ABCABCABC,,N,0,,,,,
617,12,237,100687,,ABBABB,,Y,1,,,,,
618,12,237,100688,,AABAAB,,N,0,,,,,
619,12,237,100689,,ABABAB,,N,0,,,,,
620,12,237,100690,,ABCABCABC,,N,0,,,,,
621,12,238,100691,,ABABABABA,,N,0,,,,,
622,12,238,100692,,AABBAABB,,Y,1,,,,,
623,12,238,100693,,ABCCABCCABCC,,N,0,,,,,
624,12,238,100694,,ABBABB,,N,0,,,,,
625,12,239,100695,,ABCCABCC,,N,0,,,,,
626,12,239,100696,,AABAABAAB,,N,0,,,,,
627,12,239,100697,,ABABABABA,,N,0,,,,,
628,12,239,100698,,ABCABCABC,,Y,1,,,,,
629,12,240,100699,,ABCCABCC,,N,0,,,,,
630,12,240,100700,,ABCABCABC,,N,0,,,,,
631,12,240,100701,,ABABAB,,N,0,,,,,
632,12,240,100702,,AABBAABB,,Y,1,,,,,
633,13,241,100703,,$0.01 ,,Y,1,,,,,
634,13,241,100704,,$0.05 ,,N,0,,,,,
635,13,241,100705,,$0.10 ,,N,0,,,,,
636,13,241,100706,,$0.25 ,,N,0,,,,,
637,13,242,100707,,$0.01 ,,N,0,,,,,
638,13,242,100708,,$0.05 ,,Y,1,,,,,
639,13,242,100709,,$0.10 ,,N,0,,,,,
640,13,242,100710,,$0.25 ,,N,0,,,,,
641,13,243,100711,,$0.01 ,,N,0,,,,,
642,13,243,100712,,$0.05 ,,N,0,,,,,
643,13,243,100713,,$0.10 ,,Y,1,,,,,
644,13,243,100714,,$0.25 ,,N,0,,,,,
645,13,244,100715,,$0.01 ,,N,0,,,,,
646,13,244,100716,,$0.05 ,,N,0,,,,,
647,13,244,100717,,$0.10 ,,N,0,,,,,
648,13,244,100718,,$0.25 ,,Y,1,,,,,
649,13,245,100719,,$0.01 ,,N,0,,,,,
650,13,245,100720,,$0.05 ,,Y,1,,,,,
651,13,245,100721,,$0.07 ,,N,0,,,,,
652,13,245,100722,,$0.10 ,,N,0,,,,,
653,13,246,100723,,$0.05 ,,N,0,,,,,
654,13,246,100724,,$0.10 ,,N,0,,,,,
655,13,246,100725,,$0.15 ,,N,0,,,,,
656,13,246,100726,,$0.20 ,,Y,1,,,,,
657,13,251,100731,,,cents75.png,N,0,,,,,
658,13,251,100732,,,cents70.png,N,0,,,,,
659,13,251,100733,,,cents92.png,N,0,,,,,
660,13,251,100734,,,cents100-4quarters.png,Y,1,,,,,
661,13,252,100735,,,cents70.png,N,0,,,,,
662,13,252,100736,,,cents50.png,N,0,,,,,
663,13,252,100737,,,cents75.png,Y,1,,,,,
664,13,252,100738,,,cents60.png,N,0,,,,,
665,13,253,100739,,,cents50.png,N,0,,,,,
666,13,253,100740,,,cents70.png,N,0,,,,,
667,13,253,100741,,,cents75.png,N,0,,,,,
668,13,253,100742,,,cents60.png,Y,1,,,,,
669,13,254,100743,,,cents62.png,Y,1,,,,,
670,13,254,100744,,,cents60.png,N,0,,,,,
671,13,255,100745,,,cents14.png,N,0,,,,,
672,13,255,100746,,,cents30.png,Y,1,,,,,
673,13,256,100747,,Yes,,N,0,,,,,
674,13,256,100748,,No,,Y,1,,,,,
675,14,261,100753,,,half.png,Y,1,,,,,
676,14,261,100754,,,fourth.png,N,0,,,,,
677,14,261,100755,,,third.png,N,0,,,,,
678,14,262,100756,,,half.png,N,0,,,,,
679,14,262,100757,,,fourth.png,Y,1,,,,,
680,14,262,100758,,,third.png,N,0,,,,,
681,14,263,100759,,,half.png,N,0,,,,,
682,14,263,100760,,,fourth.png,N,0,,,,,
683,14,263,100761,,,third.png,Y,1,,,,,
684,15,281,100762,,3,,N,0,,,,,
685,15,281,100763,,4,,n,0,,,,,
686,15,281,100764,,5,,Y,1,,,,,
687,15,281,100765,,6,,N,0,,,,,
688,15,282,100766,,10,,N,0,,,,,
689,15,282,100767,,11,,Y,1,,,,,
690,15,282,100768,,12,,N,0,,,,,
691,15,282,100769,,13,,N,0,,,,,
692,15,283,100770,,15,,N,0,,,,,
693,15,283,100771,,18,,N,0,,,,,
694,15,283,100772,,20,,N,0,,,,,
695,15,283,100773,,23,,Y,1,,,,,
696,15,284,100774,,10,,N,0,,,,,
697,15,284,100775,,12,,N,0,,,,,
698,15,284,100776,,14,,Y,1,,,,,
699,15,284,100777,,16,,N,0,,,,,
700,15,285,100778,,47,,Y,1,,,,,
701,65,323,100816,,10620,,Y,1,,,,,
702,65,323,100817,,16200,,N,0,,,,,
703,65,323,100818,,10602,,N,0,,,,,
704,65,323,100819,,16240,,N,0,,,,,
705,65,324,100820,,10899,,N,0,,,,,
706,65,324,100821,,10980,,N,0,,,,,
707,65,324,100822,,10890,,Y,1,,,,,
708,65,324,100823,,10970,,N,0,,,,,
709,65,325,100824,,300,,N,0,,,,,
710,65,325,100825,,210,,N,0,,,,,
711,65,325,100826,,320,,Y,1,,,,,
712,65,325,100827,,330,,N,0,,,,,
713,1,326,100828,,4720,,N,0,,,,,
714,1,326,100829,,4680,,N,0,,,,,
715,1,326,100830,,4240,,N,0,,,,,
716,1,326,100831,,4920,,Y,1,,,,,
717,1,327,100832,,55205,,N,0,,,,,
718,1,327,100833,,55306,,Y,1,,,,,
719,1,327,100834,,55506,,N,0,,,,,
720,1,327,100835,,55706,,N,0,,,,,
721,1,328,100836,,795,,N,0,,,,,
722,1,328,100837,,754,,N,0,,,,,
723,1,328,100838,,793,,Y,1,,,,,
724,1,328,100839,,772,,N,0,,,,,
725,1,329,100840,,943,,Y,1,,,,,
726,1,329,100841,,913,,N,0,,,,,
727,1,329,100842,,956,,N,0,,,,,
728,1,329,100843,,972,,N,0,,,,,
729,1,330,100844,,16000,,Y,1,,,,,
730,1,330,100845,,16500,,N,0,,,,,
731,1,330,100846,,16570,,N,0,,,,,
732,1,330,100847,,17690,,N,0,,,,,
733,1,331,100848,,5023,,N,0,,,,,
734,1,331,100849,,4067,,N,0,,,,,
735,1,331,100850,,4097,,N,0,,,,,
736,1,331,100851,,4037,,Y,1,,,,,
737,1,332,100852,,8527,,N,0,,,,,
738,1,332,100853,,8607,,Y,1,,,,,
739,1,332,100854,,8707,,N,0,,,,,
740,1,332,100855,,8907,,N,0,,,,,
741,4,355,100878,,One half or 1/2,,Y,1,,,,,
742,4,355,100879,,A quarter or 1/4,,N,0,,,,,
743,4,355,100880,,A third or 1/3,,N,0,,,,,
744,4,355,100881,,One  sixth or 1/6,,N,0,,,,,
745,4,358,100884,,One half or 1/2,,Y,1,,,,,
746,4,358,100885,,A quarter or 1/4,,N,0,,,,,
747,4,358,100886,,A third or 1/3,,N,0,,,,,
748,4,358,100887,,One  sixth or 1/6,,N,0,,,,,
749,4,360,100889,,1/5,,Y,1,,,,,
750,4,360,100890,,1/2,,N,0,,,,,
751,4,360,100891,,1/3,,N,0,,,,,
752,4,360,100892,,1/12,,N,0,,,,,
753,4,361,100893,,1/5,,N,0,,,,,
754,4,361,100894,,1/2,,N,0,,,,,
755,4,361,100895,,1/3,,N,0,,,,,
756,4,361,100896,,1/12,,Y,1,,,,,
757,4,362,100897,,1/5,,N,0,,,,,
758,4,362,100898,,1/6,,N,0,,,,,
759,4,362,100899,,1/3,,Y,1,,,,,
760,4,362,100900,,1/12,,N,0,,,,,
761,5,363,100901,,4/9,,Y,1,,,,,
762,5,363,100902,,1/9,,N,0,,,,,
763,5,363,100903,,5/9,,N,0,,,,,
764,5,363,100904,,1/4,,N,0,,,,,
765,5,366,100907,,Most Likely,,Y,1,,,,,
766,5,366,100908,,Unlikely,,N,0,,,,,
767,5,366,100909,,Equally Likely,,N,0,,,,,
768,5,367,100910,,Most Likely,,Y,1,,,,,
769,5,367,100911,,Unlikely,,N,0,,,,,
770,5,367,100912,,Equally Likely,,N,0,,,,,
771,5,368,100913,,a,,N,0,,,,,
772,5,368,100914,,b,,N,0,,,,,
773,5,368,100915,,c,,N,0,,,,,
774,5,368,100916,,d,,Y,1,,,,,
775,5,369,100917,,a,,N,0,,,,,
776,5,369,100918,,b,,Y,1,,,,,
777,5,369,100919,,c,,Y,1,,,,,
778,5,369,100920,,d,,Y,1,,,,,
779,5,370,100921,,a,,N,0,,,,,
780,5,370,100922,,b,,N,0,,,,,
781,5,370,100923,,c,,Y,1,,,,,
782,5,370,100924,,d,,N,0,,,,,
783,5,371,100925,,a,,N,0,,,,,
784,5,371,100926,,b,,N,0,,,,,
785,5,371,100927,,c,,N,0,,,,,
786,5,371,100928,,d,,Y,1,,,,,
787,5,372,100929,,a,,N,0,,,,,
788,5,372,100930,,b,,N,0,,,,,
789,5,372,100931,,c,,N,0,,,,,
790,5,372,100932,,d,,Y,1,,,,,
791,6,375,100935,,too many,,N,0,,,,,
792,6,375,100936,,too few,,Y,1,,,,,
793,6,375,100937,,just enough,,N,0,,,,,
794,6,376,100938,,too many,,Y,1,,,,,
795,6,376,100939,,too few,,N,0,,,,,
796,6,376,100940,,just enough,,N,0,,,,,
797,4,377,100941,,a,,N,0,,,,,
798,4,377,100942,,b,,N,0,,,,,
799,4,377,100943,,c,,Y,1,,,,,
800,4,377,100944,,d,,N,0,,,,,
801,4,378,100945,,a,,N,0,,,,,
802,4,378,100946,,b,,N,0,,,,,
803,4,378,100947,,c,,N,0,,,,,
804,4,378,100948,,d,,Y,1,,,,,
805,9,379,100949,,26 feet,,Y,1,,,,,
806,9,379,100950,,26 inches,,N,0,,,,,
807,9,380,100951,,4 feet,,Y,1,,,,,
808,9,380,100952,,4 inches,,N,0,,,,,
809,9,381,100953,,15 inches,,N,0,,,,,
810,9,381,100954,,15 feet,,Y,1,,,,,
811,9,382,100955,,30 inches,,N,0,,,,,
812,9,382,100956,,30 feet,,Y,1,,,,,
813,9,383,100957,,4 inches,,Y,1,,,,,
814,9,383,100958,,4 feet,,N,0,,,,,
815,9,384,100959,,7 inches,,N,0,,,,,
816,9,384,100960,,7 feet,,Y,1,,,,,
817,9,385,100961,,7 inches,,Y,1,,,,,
818,9,385,100962,,7 feet,,N,0,,,,,
819,10,405,100982,,0+10,,Y,1,,,,,
820,10,405,100983,,2+4-3,,N,0,,,,,
821,10,405,100984,,3+10-4,,N,0,,,,,
822,10,405,100985,,6+7+8,,N,0,,,,,
823,10,406,100986,,1+10,,N,0,,,,,
824,10,406,100987,,2+8-2,,Y,1,,,,,
825,10,406,100988,,3+7-4,,N,0,,,,,
826,10,406,100989,,6+7+5,,N,0,,,,,
827,10,407,100990,,1+4,,N,0,,,,,
828,10,407,100991,,9-4,,N,0,,,,,
829,10,407,100992,,5+7,,N,0,,,,,
830,10,407,100993,,0+2-4+4,,Y,1,,,,,
831,10,408,100994,,20+10,,N,0,,,,,
832,10,408,100995,,9-4+3,,Y,1,,,,,
833,10,408,100996,,5+7-1,,N,0,,,,,
834,10,408,100997,,0+15-4+2,,N,0,,,,,
835,10,409,100998,,20+10-10-9,,Y,1,,,,,
836,10,409,100999,,19-4+2,,N,0,,,,,
837,10,409,101000,,17-6+11,,N,0,,,,,
838,10,409,101001,,22+24-22,,N,0,,,,,
839,10,410,101002,,20+10-10-8,,N,0,,,,,
840,10,410,101003,,19-4+2,,N,0,,,,,
841,10,410,101004,,17-6+11,,Y,1,,,,,
842,10,410,101005,,22+24-22,,N,0,,,,,
843,10,411,101006,,30+15-10,,N,0,,,,,
844,10,411,101007,,19-4+2,,N,0,,,,,
845,10,411,101008,,17-6+11-2,,N,0,,,,,
846,10,411,101009,,22+24-21+18,,Y,1,,,,,
847,10,412,101010,,30+10-25,,N,0,,,,,
848,10,412,101011,,20+4+5,,N,0,,,,,
849,10,412,101012,,80+30-10,,Y,1,,,,,
850,10,412,101013,,90+10-20,,N,0,,,,,
851,10,413,101014,,101-2,,Y,1,,,,,
852,10,413,101015,,20+40+25,,N,0,,,,,
853,10,413,101016,,70+56,,N,0,,,,,
854,10,413,101017,,88+44,,N,0,,,,,
855,10,414,101018,,96+76,,N,0,,,,,
856,10,414,101019,,200+40+25,,N,0,,,,,
857,10,414,101020,,70+560,,N,0,,,,,
858,10,414,101021,,205-30+30-3,,Y,1,,,,,
859,10,415,101022,,96+66+76,, N,0,,,,,
860,10,415,101023,,200+50+63,,Y,1,,,,,
861,10,415,101024,,80+691,,N,0,,,,,
862,10,415,101025,,205-360+320-3,,N,0,,,,,
863,10,416,101026,,960+66+76,,N,0,,,,,
864,10,416,101027,,200+45,,N,0,,,,,
865,10,416,101028,,888+111,,Y,1,,,,,
866,10,416,101029,,205-360+32,,N,0,,,,,
867,10,417,101030,,665+760,,N,0,,,,,
868,10,417,101031,,178+145+2,,N,0,,,,,
869,10,417,101032,,808+111,,N,0,,,,,
870,10,417,101033,,225-354+32,,N,0,,,,,
871,10,418,101034,,665+128,,N,0,,,,,
872,10,418,101035,,178+156-12,,N,0,,,,,
873,10,418,101036,,808-123,,N,0,,,,,
874,10,418,101037,,256+156+55,,Y,1,,,,,
875,10,419,101038,,645+128,,N,0,,,,,
876,10,419,101039,,178+146,,N,0,,,,,
877,10,419,101040,,808-123+104,,Y,1,,,,,
878,10,419,101041,,256+126+54,,N,0,,,,,
879,12,420,101042,,A,,N,0,,,,,
880,12,420,101043,,B,,N,0,,,,,
881,12,420,101044,,C,,Y,1,,,,,
882,12,420,101045,,D,,N,0,,,,,
883,12,421,101046,,A,,N,0,,,,,
884,12,421,101047,,B,,N,0,,,,,
885,12,421,101048,,C,,Y,1,,,,,
886,12,422,101049,,,,N,0,,,,,
887,12,422,101050,,,,N,0,,,,,
888,12,422,101051,,,,N,0,,,,,
889,12,422,101052,,,,Y,1,,,,,
890,12,425,101055,,A,,Y,1,,,,,
891,12,425,101056,,B,,N,0,,,,,
892,12,425,101057,,C,,N,0,,,,,
893,12,426,101058,,A,,N,0,,,,,
894,12,426,101059,,B,,Y,1,,,,,
895,12,426,101060,,C,,N,0,,,,,
896,12,427,101061,,A,,N,0,,,,,
897,12,427,101062,,B,,Y,1,,,,,
898,12,427,101063,,C,,N,0,,,,,
899,12,428,101064,,A,,N,0,,,,,
900,12,428,101065,,B,,Y,1,,,,,
901,12,428,101066,,C,,N,0,,,,,
902,8,445,101083,,a,,Y,1,,,,,
903,8,445,101084,,b,,N,0,,,,,
904,8,446,101085,,a,,N,0,,,,,
905,8,446,101086,,b,,Y,1,,,,,
906,8,447,101087,,a,,Y,1,,,,,
907,8,447,101088,,b,,N,0,,,,,
908,8,448,101089,,a,,Y,1,,,,,
909,8,448,101090,,b,,N,0,,,,,
910,17,473,101115,,3x6,,N,0,,,,,
911,17,473,101116,,6x6,,Y,1,,,,,
912,17,473,101117,,2x5,,N,0,,,,,
913,17,474,101118,,1x5,,N,0,,,,,
914,17,474,101119,,3x4,,N,0,,,,,
915,17,474,101120,,2x5,,Y,1,,,,,
916,17,475,101121,,2x7,,Y,1,,,,,
917,17,475,101122,,2x6,,N,0,,,,,
918,17,475,101123,,2x4,,N,0,,,,,
919,17,476,101124,,10x5,,N,0,,,,,
920,17,476,101125,,12x5,,Y,1,,,,,
921,17,476,101126,,11x5,,N,0,,,,,
922,17,477,101127,,5x11,,Y,1,,,,,
923,17,477,101128,,4x11,,N,0,,,,,
924,17,477,101129,,3x11,,N,0,,,,,
925,17,478,101130,,5x4,,N,0,,,,,
926,17,478,101131,,5x8,,Y,1,,,,,
927,17,478,101132,,5x6,,N,0,,,,,
928,17,479,101133,,4x5,,Y,1,,,,,
929,17,479,101134,,4x3,,N,0,,,,,
930,17,479,101135,,4x6,,N,0,,,,,
931,17,480,101136,,3x7,,N,0,,,,,
932,17,480,101137,,3x8,,N,0,,,,,
933,17,480,101138,,3x9,,Y,1,,,,,
934,17,481,101139,,2x2,,N,0,,,,,
935,17,481,101140,,2x4,,Y,1,,,,,
936,17,481,101141,,2x3,,N,0,,,,,
937,17,482,101142,,3x6,,N,0,,,,,
938,17,482,101143,,3x5,,N,0,,,,,
939,17,482,101144,,3x7,,Y,1,,,,,
940,17,483,101145,,2x4,,N,0,,,,,
941,17,483,101146,,2x6,,N,0,,,,,
942,17,483,101147,,3x3,,Y,1,,,,,
943,17,484,101148,,2x2,,N,0,,,,,
944,17,484,101149,,2x3,,Y,1,,,,,
945,17,484,101150,,2x4,,N,0,,,,,
946,18,495,101161,,A,,N,0,,,,,
947,18,495,101162,,B,,Y,1,,,,,
948,18,496,101163,,A,,Y,1,,,,,
949,18,496,101164,,B,,N,0,,,,,
950,18,497,101165,,A,,N,0,,,,,
951,18,497,101166,,B,,Y,1,,,,,
952,18,498,101167,,A,,Y,1,,,,,
953,18,498,101168,,B,,N,0,,,,,
954,18,499,101169,,A,,N,0,,,,,
955,18,499,101170,,B,,Y,1,,,,,
956,18,500,101171,,A,,Y,1,,,,,
957,18,500,101172,,B,,N,0,,,,,
958,18,501,101173,,A,,N,0,,,,,
959,18,501,101174,,B,,Y,1,,,,,
960,18,502,101175,,A,,Y,1,,,,,
961,18,502,101176,,B,,N,0,,,,,
962,18,503,101177,,A,,Y,1,,,,,
963,18,503,101178,,B,,N,0,,,,,
964,18,504,101179,,A,,N,0,,,,,
965,18,504,101180,,B,,Y,1,,,,,
966,19,510,101186,,1,,N,0,,,,,
967,19,510,101187,,2,,Y,1,,,,,
968,19,510,101188,,3,,N,0,,,,,
969,19,510,101189,,5,,N,0,,,,,
970,19,511,101190,,10,,Y,1,,,,,
971,19,511,101191,,21,,N,0,,,,,
972,19,511,101192,,25,,N,0,,,,,
973,19,511,101193,,29,,N,0,,,,,
974,19,512,101194,,30,,N,0,,,,,
975,19,512,101195,,64,,N,0,,,,,
976,19,512,101196,,72,,N,0,,,,,
977,19,512,101197,,81,,Y,1,,,,,
978,19,513,101198,,100,,N,0,,,,,
979,19,513,101199,,97,,Y,1,,,,,
980,19,513,101200,,94,,N,0,,,,,
981,19,513,101201,,78,,N,0,,,,,
982,19,514,101202,,99,,N,0,,,,,
983,19,514,101203,,21,,N,0,,,,,
984,19,514,101204,,37,,N,0,,,,,
985,19,514,101205,,68,,Y,1,,,,,
986,19,517,101208,,620,,N,0,,,,,
987,19,517,101209,,450,,N,0,,,,,
988,19,517,101210,,500,,Y,1,,,,,
989,19,517,101211,,700,,N,0,,,,,
990,19,518,101212,,Even,,N,0,,,,,
991,19,518,101213,,Odd,,Y,1,,,,,
992,19,519,101214,,Even,,Y,1,,,,,
993,19,519,101215,,Odd,,N,0,,,,,
994,20,526,101222,,less than,,Y,1,,,,,
995,20,526,101223,,greater than,,N,0,,,,,
996,20,526,101224,,equal to ,,N,0,,,,,
997,20,527,101225,,less than,,N,0,,,,,
998,20,527,101226,,greater than,,Y,1,,,,,
999,20,527,101227,,equal to ,,N,0,,,,,
1000,20,528,101228,,less than,,N,0,,,,,
1001,20,528,101229,,greater than,,Y,1,,,,,
1002,20,528,101230,,equal to ,,N,0,,,,,
1003,20,529,101231,,less than,,N,0,,,,,
1004,20,529,101232,,greater than,,N,0,,,,,
1005,20,529,101233,,equal to ,,Y,1,,,,,
1006,20,530,101234,,less than,,Y,1,,,,,
1007,20,530,101235,,greater than,,N,0,,,,,
1008,20,530,101236,,equal to ,,N,0,,,,,
1009,20,531,101237,,<,,N,0,,,,,
1010,20,531,101238,,>,,Y,1,,,,,
1011,20,531,101239,,=,,N,0,,,,,
1012,20,532,101240,,<,,N,0,,,,,
1013,20,532,101241,,>,,N,0,,,,,
1014,20,532,101242,,=,,Y,1,,,,,
1015,20,533,101243,,<,,Y,1,,,,,
1016,20,533,101244,,>,,N,0,,,,,
1017,20,533,101245,,=,,N,0,,,,,
1018,20,534,101246,,<,,Y,1,,,,,
1019,20,534,101247,,>,,N,0,,,,,
1020,20,534,101248,,=,,N,0,,,,,
1021,20,535,101249,,<,,N,0,,,,,
1022,20,535,101250,,>,,Y,1,,,,,
1023,20,535,101251,,=,,N,0,,,,,
1024,20,541,101257,,Kristen,,Y,1,,,,,
1025,20,541,101258,,Lily,,Y,1,,,,,
1026,20,541,101259,,Benji,,N,0,,,,,
1027,20,541,101260,,Cory,,N,0,,,,,
1028,20,541,101261,,Zachary ,,N,0,,,,,
1029,20,541,101262,,Taylor,,N,0,,,,,
1030,20,542,101263,,Kristen,,N,0,,,,,
1031,20,542,101264,,Lily,,Y,1,,,,,
1032,20,542,101265,,Benji,,N,0,,,,,
1033,20,542,101266,,Cory,,N,0,,,,,
1034,20,542,101267,,Zachary ,,N,0,,,,,
1035,20,542,101268,,Taylor,,N,0,,,,,
1036,20,543,101269,,Kristen,,N,0,,,,,
1037,20,543,101270,,Lily,,N,0,,,,,
1038,20,543,101271,,Benji,,N,0,,,,,
1039,20,543,101272,,Cory,,Y,1,,,,,
1040,20,543,101273,,Zachary ,,N,0,,,,,
1041,20,543,101274,,Taylor,,N,0,,,,,
1042,20,544,101275,,Toby Johnson,,N,0,,,,,
1043,20,544,101276,,Stephanie Chi,,N,0,,,,,
1044,20,544,101277,,Rafael Zuniga,,Y,1,,,,,
1045,20,544,101278,,Maury Lopez,,N,0,,,,,
1046,20,545,101279,,Toby Johnson,,N,0,,,,,
1047,20,545,101280,,Stephanie Chi,,N,0,,,,,
1048,20,545,101281,,Rafael Zuniga,,N,0,,,,,
1049,20,545,101282,,Maury Lopez,,Y,1,,,,,
1050,20,546,101283,,Toby Johnson,,Y,1,,,,,
1051,20,546,101284,,Stephanie Chi,,N,0,,,,,
1052,20,546,101285,,Rafael Zuniga,,N,0,,,,,
1053,20,546,101286,,Maury Lopez,,N,0,,,,,
1054,21,563,101303,,1,,Y,1,,,,,
1055,21,563,101304,,2,,N,0,,,,,
1056,21,563,101305,,5,,N,0,,,,,
1057,21,563,101306,,10,,N,0,,,,,
1058,21,564,101307,,1,,N,0,,,,,
1059,21,564,101308,,2,,N,0,,,,,
1060,21,564,101309,,5,,Y,1,,,,,
1061,21,564,101310,,10,,N,0,,,,,
1062,21,565,101311,,1,,N,0,,,,,
1063,21,565,101312,,2,,N,0,,,,,
1064,21,565,101313,,5,,N,0,,,,,
1065,21,565,101314,,10,,Y,1,,,,,
1066,21,566,101315,,2,,N,0,,,,,
1067,21,566,101316,,4,,Y,1,,,,,
1068,21,566,101317,,8,,N,0,,,,,
1069,21,566,101318,,12,,N,0,,,,,
1070,21,567,101319,,10,,N,0,,,,,
1071,21,567,101320,,100,,N,0,,,,,
1072,21,567,101321,,20,,Y,1,,,,,
1073,21,567,101322,,30,,N,0,,,,,
1074,22,568,101323,,,flowers-sequence-11.png,N,0,,,,,
1075,22,568,101324,,,flowers-sequence-12.png,N,0,,,,,
1076,22,568,101325,,,flowers-sequence-13.png,Y,1,,,,,
1077,22,568,101326,,,flowers-sequence-14.png,N,0,,,,,
1078,22,569,101327,,,balls-sequence-1-1-2.png,N,0,,,,,
1079,22,569,101328,,,animal-sequence-1-2.png,Y,1,,,,,
1080,22,569,101329,,,fruit-sequence-1-2-3.png,N,0,,,,,
1081,22,569,101330,,,shapes-sequence-1-1-2-2.png,N,0,,,,,
1082,22,570,101331,,,apple-strawseq-1-2-2.png,N,0,,,,,
1083,22,570,101332,,,flowers-sequence-1-1-2.png,N,0,,,,,
1084,22,570,101333,,,fruit-sequence-1-3.png,N,0,,,,,
1085,22,570,101334,,,cake-waffleseq-1-1-2.png,Y,1,,,,,
1086,22,571,101335,,,apple-strawseq-1-2-2.png,N,0,,,,,
1087,22,571,101336,,,fruit-sequence-1-3.png,N,0,,,,,
1088,22,571,101337,,,shapes-sequence-1-1-2-2.png,N,0,,,,,
1089,22,571,101338,,,Balls-Sequence-3-4.png,Y,1,,,,,
1090,22,572,101339,,,lobsterseq-1-2-3.png,Y,1,,,,,
1091,22,572,101340,,,banana-appleseq-1-1-2-2.png,N,0,,,,,
1092,22,572,101341,,,animal-sequence-1-2.png,N,0,,,,,
1093,22,572,101342,,,cake-waffleseq-1-1-2.png,N,0,,,,,
1094,22,573,101343,,,banana-appleseq-1-1-2-2.png,N,0,,,,,
1095,22,573,101344,,,cake-waffleseq-1-1-2.png,N,0,,,,,
1096,22,573,101345,,,lobsterseq-1-2-3.png,N,0,,,,,
1097,22,573,101346,,,lobsterseq-2-1.png,Y,1,,,,,
1098,22,574,101347,,,alphabet-sequenceans1.png,N,0,,,,,
1099,22,574,101348,,,alphabet-sequenceans2.png,Y,1,,,,,
1100,22,574,101349,,,alphabet-sequenceans3.png,N,0,,,,,
1101,22,574,101350,,,alphabet-sequenceans4.png,N,0,,,,,
1102,22,575,101351,,,butterflies-beesans1.png,N,0,,,,,
1103,22,575,101352,,,butterflies-beesans2.png,N,0,,,,,
1104,22,575,101353,,,butterflies-beesans3.png,Y,1,,,,,
1105,22,575,101354,,,butterflies-beesans4.png,N,0,,,,,
1106,22,576,101355,,,robot-rocketsseqans1.png,Y,1,,,,,
1107,22,576,101356,,,robot-rocketsseqans2.png,N,0,,,,,
1108,22,576,101357,,,robot-rocketsseqans3.png,N,0,,,,,
1109,22,576,101358,,,robot-rocketsseqans4.png,N,0,,,,,
1110,22,577,101359,,,ballsequenceans1.png,N,0,,,,,
1111,22,577,101360,,,ballsequenceans2.png,N,0,,,,,
1112,22,577,101361,,,ballsequenceans3.png,N,0,,,,,
1113,22,577,101362,,,ballsequenceans4.png,Y,1,,,,,
1114,22,578,101363,,,shapesseqans1.png,Y,1,,,,,
1115,22,578,101364,,,shapesseqans2.png,N,0,,,,,
1116,22,578,101365,,,shapesseqans3.png,N,0,,,,,
1117,22,578,101366,,,shapesseqans4.png,N,0,,,,,
1118,22,579,101367,,,flowerseqans1.png,N,0,,,,,
1119,22,579,101368,,,flowerseqans2.png,Y,1,,,,,
1120,22,579,101369,,,flowerseqans3.png,N,0,,,,,
1121,22,579,101370,,,flowerseqans4.png,N,0,,,,,
1122,22,580,101371,,IV,,Y,1,,,,,
1123,22,580,101372,,V,,N,0,,,,,
1124,22,580,101373,,IX,,N,0,,,,,
1125,22,580,101374,,VI,,N,0,,,,,
1126,22,581,101375,,XI,,N,0,,,,,
1127,22,581,101376,,X,,N,0,,,,,
1128,22,581,101377,,VIIII,,N,0,,,,,
1129,22,581,101378,,V,,Y,1,,,,,
1130,22,582,101379,,IV,,N,0,,,,,
1131,22,582,101380,,V,,N,0,,,,,
1132,22,582,101381,,IX,,Y,1,,,,,
1133,22,582,101382,,VI,,N,0,,,,,
1134,22,583,101383,,XX,,N,0,,,,,
1135,22,583,101384,,XVIX,,N,0,,,,,
1136,22,583,101385,,XXXX,,Y,1,,,,,
1137,22,583,101386,,XXI,,N,0,,,,,
1138,22,584,101387,,AAABA,,N,0,,,,,
1139,22,584,101388,,ABBAB,,N,0,,,,,
1140,22,584,101389,,ABBAB,,N,0,,,,,
1141,22,584,101390,,ABABA,,Y,1,,,,,
1142,22,585,101391,,AABBAABB,,Y,1,,,,,
1143,22,585,101392,,ABABABAB,,N,0,,,,,
1144,22,585,101393,,BBABBABB,,N,0,,,,,
1145,22,585,101394,,ABCABCAB,,N,0,,,,,
1146,22,586,101395,,AAAAAA,,N,0,,,,,
1147,22,586,101396,,ABBBAC,,N,0,,,,,
1148,22,586,101397,,ABCABC,,Y,1,,,,,
1149,22,586,101398,,ABCACB,,N,0,,,,,
1150,22,587,101399,,ABCBABCB,,N,0,,,,,
1151,22,587,101400,,ABCCABCC,,Y,1,,,,,
1152,22,587,101401,,ABCABBABC,,N,0,,,,,
1153,22,587,101402,,ABCBABAB,,N,0,,,,,
1154,22,588,101403,,ABCABCABC,,N,0,,,,,
1155,22,588,101404,,ABBCABBC,,N,0,,,,,
1156,22,588,101405,,AABCAABC,,N,0,,,,,
1157,22,588,101406,,AABBCCAABBCC,,Y,1,,,,,
1158,23,591,101409,,11,,N,0,,,,,
1159,23,591,101410,,12,,N,0,,,,,
1160,23,591,101411,,13,,Y,1,,,,,
1161,23,591,101412,,14,,N,0,,,,,
1162,23,592,101413,,4,,N,0,,,,,
1163,23,592,101414,,5,,N,0,,,,,
1164,23,592,101415,,6,,N,0,,,,,
1165,23,592,101416,,7,,Y,1,,,,,
1166,23,593,101417,,18,,Y,1,,,,,
1167,23,593,101418,,17,,N,0,,,,,
1168,23,593,101419,,16,,N,0,,,,,
1169,23,593,101420,,19,,N,0,,,,,
1170,23,594,101421,,2,,N,0,,,,,
1171,23,594,101422,,3,,N,0,,,,,
1172,23,594,101423,,4,,N,0,,,,,
1173,23,594,101424,,5,,Y,1,,,,,
1174,23,605,101435,,8,,N,0,,,,,
1175,23,605,101436,,9,,N,0,,,,,
1176,23,605,101437,,10,,Y,1,,,,,
1177,23,605,101438,,11,,N,0,,,,,
1178,23,606,101439,,16,,N,0,,,,,
1179,23,606,101440,,17,,N,0,,,,,
1180,23,606,101441,,18,,N,0,,,,,
1181,23,606,101442,,19,,Y,1,,,,,
1182,23,607,101443,,9,,N,0,,,,,
1183,23,607,101444,,10,,Y,1,,,,,
1184,23,607,101445,,11,,N,0,,,,,
1185,23,607,101446,,12,,N,0,,,,,
1186,24,614,101453,,3,,N,0,,,,,
1187,24,614,101454,,4,,N,0,,,,,
1188,24,614,101455,,5,,N,0,,,,,
1189,24,614,101456,,6,,Y,1,,,,,
1190,24,615,101457,,11,,N,0,,,,,
1191,24,615,101458,,10,,Y,1,,,,,
1192,24,615,101459,,9,,N,0,,,,,
1193,24,615,101460,,8,,N,0,,,,,
1194,24,616,101461,,28,,Y,1,,,,,
1195,24,616,101462,,29,,N,0,,,,,
1196,24,616,101463,,30,,N,0,,,,,
1197,24,616,101464,,31,,N,0,,,,,
1198,24,617,101465,,22,,N,0,,,,,
1199,24,617,101466,,23,,N,0,,,,,
1200,24,617,101467,,21,,Y,1,,,,,
1201,24,617,101468,,24,,N,0,,,,,
1202,24,620,101471,,18,,N,0,,,,,
1203,24,620,101472,,19,,N,0,,,,,
1204,24,620,101473,,20,,Y,1,,,,,
1205,24,620,101474,,21,,N,0,,,,,
1206,24,621,101475,,37,,Y,1,,,,,
1207,24,621,101476,,38,,N,0,,,,,
1208,24,621,101477,,39,,N,0,,,,,
1209,24,621,101478,,40,,N,0,,,,,
1210,24,622,101479,,30,,N,0,,,,,
1211,24,622,101480,,29,,N,0,,,,,
1212,24,622,101481,,28,,Y,1,,,,,
1213,24,622,101482,,27,,N,0,,,,,
1214,24,623,101483,,14,,Y,1,,,,,
1215,24,623,101484,,15,,N,0,,,,,
1216,24,623,101485,,16,,N,0,,,,,
1217,24,623,101486,,17,,N,0,,,,,
1218,24,624,101487,,17,,N,0,,,,,
1219,24,624,101488,,18,,N,0,,,,,
1220,24,624,101489,,19,,N,0,,,,,
1221,24,624,101490,,20,,Y,1,,,,,
1222,24,625,101491,,32,,N,0,,,,,
1223,24,625,101492,,35,,N,0,,,,,
1224,24,625,101493,,39,,Y,1,,,,,
1225,24,625,101494,,47,,N,0,,,,,
1226,24,626,101495,,4,,N,0,,,,,
1227,24,626,101496,,5,,Y,1,,,,,
1228,24,626,101497,,6,,N,0,,,,,
1229,24,626,101498,,7,,N,0,,,,,
1230,24,627,101499,,5,,N,0,,,,,
1231,24,627,101500,,8,,N,0,,,,,
1232,24,627,101501,,7,,N,0,,,,,
1233,24,627,101502,,6,,Y,1,,,,,
1234,24,628,101503,,23,,N,0,,,,,
1235,24,628,101504,,22,,Y,1,,,,,
1236,24,628,101505,,21,,N,0,,,,,
1237,24,628,101506,,20,,N,0,,,,,
1238,24,629,101507,,29,,N,0,,,,,
1239,24,629,101508,,28,,N,0,,,,,
1240,24,629,101509,,27,,N,0,,,,,
1241,24,629,101510,,26,,Y,1,,,,,
1242,24,630,101511,,10,,N,0,,,,,
1243,24,630,101512,,9,,Y,1,,,,,
1244,24,630,101513,,8,,N,0,,,,,
1245,24,630,101514,,7,,N,0,,,,,
1246,24,632,101515,,30,,N,0,,,,,
1247,24,632,101516,,31,,N,0,,,,,
1248,24,632,101517,,32,,Y,1,,,,,
1249,24,632,101518,,33,,N,0,,,,,
1250,25,646,101532,,80,,N,0,,,,,
1251,25,646,101533,,83,,Y,1,,,,,
1252,25,646,101534,,90,,N,0,,,,,
1253,25,646,101535,,95,,N,0,,,,,
1254,25,647,101536,,48,,Y,1,,,,,
1255,25,647,101537,,50,,N,0,,,,,
1256,25,647,101538,,65,,N,0,,,,,
1257,25,647,101539,,56,,N,0,,,,,
1258,25,648,101540,,100,,N,0,,,,,
1259,25,648,101541,,110,,N,0,,,,,
1260,25,648,101542,,115,,N,0,,,,,
1261,25,648,101543,,120,,Y,1,,,,,
1262,25,649,101544,,55,,N,0,,,,,
1263,25,649,101545,,65,,N,0,,,,,
1264,25,649,101546,,61,,Y,1,,,,,
1265,25,649,101547,,42,,N,0,,,,,
1266,12,228,101548,,,seq-apples-bananasans2.png,N,0,,,,,
1267,12,228,101549,,,seq-apples-bananasans3.png,N,0,,,,,
1268,12,228,101550,,,seq-apples-bananasans1.png,Y,1,,,,,
1269,12,228,101551,,,seq-apples-bananasans4.png,N,0,,,,,
1270,12,230,101552,,,flowersequenceans.png,Y,1,,,,,
1271,12,230,101553,,,flowersequenceans1.png,N,0,,,,,
1272,12,230,101554,,,flowersequenceans2.png,N,0,,,,,
1273,12,230,101555,,,flowersequenceans3.png,N,0,,,,,
1274,5,13320,103229,, 1/2,,N,0,,,,,
1275,5,13320,103230,, 1/4,,N,0,,,,,
1276,5,13320,103231,, 1/3,,N,0,,,,,
1277,5,13320,103232,, 1/6,,Y,1,,,,,
1278,5,13321,103233,, 1/2,,N,0,,,,,
1279,5,13321,103234,, 1/4,,N,0,,,,,
1280,5,13321,103235,, 1/3,,N,0,,,,,
1281,5,13321,103236,, 1/6,,Y,1,,,,,
1282,5,13322,103237,, 1/2,,N,0,,,,,
1283,5,13322,103238,, 1/4,,N,0,,,,,
1284,5,13322,103239,, 1/3,,N,0,,,,,
1285,5,13322,103240,, 1/6,,Y,1,,,,,
1286,5,13323,103241,, 1/2,,N,0,,,,,
1287,5,13323,103242,, 1/4,,N,0,,,,,
1288,5,13323,103243,, 1/3,,N,0,,,,,
1289,5,13323,103244,, 1/6,,Y,1,,,,,
1290,5,13324,103245,, 1/2,,N,0,,,,,
1291,5,13324,103246,, 1/4,,N,0,,,,,
1292,5,13324,103247,, 1/3,,N,0,,,,,
1293,5,13324,103248,, 1/6,,Y,1,,,,,
1294,5,13325,103249,, 1/2,,N,0,,,,,
1295,5,13325,103250,, 1/4,,N,0,,,,,
1296,5,13325,103251,, 1/3,,N,0,,,,,
1297,5,13325,103252,, 1/6,,Y,1,,,,,
1298,65,2871,1064,,5,q65,N,0,,,,,
1299,65,2871,1065,,9,q65,Y,1,,,,,
1300,65,2871,1066,,3,q65,N,0,,,,,
1301,65,2871,1067,,15,q65,N,0,,,,,
1302,65,2873,1070,,27080,q72,N,0,,,,,
1303,65,2873,1071,,34670,q72,Y,1,,,,,
1304,65,2873,1072,,60705,q72,N,0,,,,,
1305,65,2873,1073,,74158,q72,N,0,,,,,
1306,65,2874,1074,,12000,q73,N,0,,,,,
1307,65,2874,1075,,12900,q73,N,0,,,,,
1308,65,2874,1076,,13000,q73,N,0,,,,,
1309,65,2874,1077,,13900,q73,Y,1,,,,,
1310,65,2886,1131,,13293,,N,0,,,,,
1311,65,2886,1132,,13495,,Y,1,,,,,
1312,65,2887,1133,,13138,,Y,1,,,,,
1313,65,2887,1134,,13135,,N,0,,,,,
1314,65,2888,1135,,73352,,Y,1,,,,,
1315,65,2888,1136,,73343,,N,0,,,,,
1316,65,2889,1137,,83204,,Y,1,,,,,
1317,65,2889,1138,,80917,,N,0,,,,,
1318,65,2923,2029,,35.421,q1031,N,0,,,,,
1319,65,2923,2030,,41.532,q1031,Y,1,,,,,
1320,65,2923,2031,,213.45,q1031,N,0,,,,,
1321,65,2923,2032,,452.214,q1031,N,0,,,,,
1322,65,2924,2033,,0.3,q1032,N,0,,,,,
1323,65,2924,2034,,0.089,q1032,Y,1,,,,,
1324,65,2924,2035,,0.43,q1032,N,0,,,,,
1325,65,2924,2036,,0.106,q1032,N,0,,,,,
1326,80,2907,1061,,1,q63,N,0,,,,,
1327,80,2907,1061,,2,q63,Y,1,,,,,
1328,80,2907,1061,,3,q63,N,0,,,,,
1329,80,2907,1061,,4,q63,N,0,,,,,
1330,80,2908,1062,,sout-east,q64,N,0,,,,,
1331,80,2908,1062,,East,q64,Y,1,,,,,
1332,80,2908,1062,,south,q64,N,0,,,,,
1333,80,2908,1062,,south-west,q64,N,0,,,,,
1334,66,2914,1072,,400,q74,N,0,,,,,
1335,66,2914,1072,,4000,q74,Y,1,,,,,
1336,66,2914,1072,,40000,q74,N,0,,,,,
1337,66,2914,1072,,4,q74,N,0,,,,,
1338,81,2915,1073,,7/7,q75,N,0,,,,,
1339,81,2915,1073,,12/7,q75,Y,1,,,,,
1340,81,2915,1073,,25/7,q75,N,0,,,,,
1341,81,2915,1073,,34/7,q75,N,0,,,,,
1342,69,2916,1074,,5,q76,N,0,,,,,
1343,69,2916,1074,,2,q76,Y,1,,,,,
1344,69,2916,1074,,3,q76,N,0,,,,,
1345,69,2916,1074,,4,q76,N,0,,,,,
1346,65,2899,2029,,35.421,q1031,N,0,,,,,
1347,65,2899,2029,,41.532,q1031,Y,1,,,,,
1348,65,2899,2029,,213.45,q1031,N,0,,,,,
1349,65,2899,2029,,452.214,q1031,N,0,,,,,
1350,65,2900,2030,,0.3,q1032,N,0,,,,,
1351,65,2900,2030,,0.089,q1032,Y,1,,,,,
1352,65,2900,2030,,0.43,q1032,N,0,,,,,
1353,65,2900,2030,,0.106,q1032,N,0,,,,,
1354,85,3823,2031,,0.32,q1033,N,0,,,,,
1355,85,3823,2031,,3.002,q1033,N,0,,,,,
1356,85,3823,2031,,3.02,q1033,Y,1,,,,,
1357,85,3823,2031,,3.2,q1033,N,0,,,,,
1358,85,3824,2032,,1.07,q1034,N,0,,,,,
1359,85,3824,2032,,1.86,q1034,N,0,,,,,
1360,85,3824,2032,,1.79,q1034,N,0,,,,,
1361,85,3824,2032,,1.17,q1034,Y,1,,,,,
1362,86,3825,2033,,9.092,q1035,Y,1,,,,,
1363,86,3825,2033,,9.101,q1035,N,0,,,,,
1364,86,3825,2033,,9.191,q1035,N,0,,,,,
1365,86,3825,2033,,10.091,q1035,N,0,,,,,
1366,85,3826,2034,,0.008,q1036,N,0,,,,,
1367,85,3826,2034,,0.08,q1036,N,0,,,,,
1368,85,3826,2034,,0.8,q1036,Y,1,,,,,
1369,85,3826,2034,,8,q1036,N,0,,,,,
1370,79,3827,2035,,11.45 p.m.,q1037,N,0,,,,,
1371,79,3827,2035,,23.45,q1037,N,0,,,,,
1372,79,3827,2035,,quarter to midnight,q1037,N,0,,,,,
1373,79,3827,2035,,11.15,q1037,Y,1,,,,,
1374,79,3828,2036,,1 h 5 min,q1038,N,0,,,,,
1375,79,3828,2036,,1 h 15 min,q1038,N,0,,,,,
1376,79,3828,2036,,1 h 45 min,q1038,Y,1,,,,,
1377,79,3828,2036,,1 h 55 min,q1038,N,0,,,,,
1378,14,13473,103400,,3/6,,Y,1,,,,,
1379,14,13473,103401,,1/4,,N,0,,,,,
1380,14,13474,103402,,1/3,,Y,1,,,,,
1381,14,13474,103403,,1/6,,N,0,,,,,
1382,14,13475,103404,,1/7,,N,0,,,,,
1383,14,13475,103405,,1/4,,Y,1,,,,,
1384,14,13476,103406,,3/6,,N,0,,,,,
1385,14,13476,103407,,1/5,,Y,1,,,,,
1386,14,13477,103408,,2/6,,N,0,,,,,
1387,14,13477,103409,,6/36,,Y,1,,,,,
1388,14,13478,103410,,2/7,,N,0,,,,,
1389,14,13478,103411,,1/7,,Y,1,,,,,
1390,14,13479,103412,,1/8,,Y,1,,,,,
1391,14,13479,103413,,4/8,,N,0,,,,,
1392,14,13480,103414,,9/81,,Y,1,,,,,
1393,14,13480,103415,,18/81,,N,0,,,,,
1394,14,13481,103416,,5/10,,N,0,,,,,
1395,14,13481,103417,,10/100,,Y,1,,,,,
1396,14,13482,103418,,11/121,,Y,1,,,,,
1397,14,13482,103419,,10/121,,N,0,,,,,
1398,14,13483,103420,,1/12,,Y,1,,,,,
1399,14,13483,103421,,2/24,,N,0,,,,,
1400,14,13484,103422,,13/169,,Y,1,,,,,
1401,14,13484,103423,,5/13,,N,0,,,,,
1402,14,13485,103424,,1/15,,N,0,,,,,
1403,14,13485,103425,,1/14,,Y,1,,,,,
1404,14,13486,103426,,1/15,,Y,1,,,,,
1405,14,13486,103427,,1/14,,N,0,,,,,
1406,14,13487,103428,,16/256,,Y,1,,,,,
1407,14,13487,103429,,1/15,,N,0,,,,,
1408,14,13488,103430,,1/17,,Y,1,,,,,
1409,14,13488,103431,,6/17,,N,0,,,,,
1410,14,13489,103432,,1/19,,N,0,,,,,
1411,14,13489,103433,,18/324,,Y,1,,,,,
1412,14,13490,103434,,ABC,,N,0,,,,,
1413,14,13490,103435,,ACB,,Y,1,,,,,
1414,14,13490,103436,,BCA,,N,0,,,,,
1415,14,13491,103437,,ABC,,N,0,,,,,
1416,14,13491,103438,,ACB,,Y,1,,,,,
1417,14,13491,103439,,BCA,,N,0,,,,,
1418,14,13492,103440,,ABC,,Y,1,,,,,
1419,14,13492,103441,,ACB,,N,0,,,,,
1420,14,13492,103442,,BCA,,N,0,,,,,
1421,14,13493,103443,,ABC,,N,0,,,,,
1422,14,13493,103444,,ACB,,N,0,,,,,
1423,14,13493,103445,,BCA,,Y,1,,,,,
1424,14,13494,103446,,ABC,,N,0,,,,,
1425,14,13494,103447,,BAC,,Y,1,,,,,
1426,14,13494,103448,,BCA,,N,0,,,,,
1427,14,13495,103449,,ABC,,Y,1,,,,,
1428,14,13495,103450,,ACB,,N,0,,,,,
1429,14,13495,103451,,BCA,,N,0,,,,,
1430,14,13496,103452,,ABC,,N,0,,,,,
1431,14,13496,103453,,ACB,,Y,1,,,,,
1432,14,13496,103454,,BCA,,N,0,,,,,
1433,14,13497,103455,,CAB,,Y,1,,,,,
1434,14,13497,103456,,ACB,,N,0,,,,,
1435,14,13497,103457,,BCA,,N,0,,,,,
1436,14,13498,103458,,ABC,,N,0,,,,,
1437,14,13498,103459,,CAB,,Y,1,,,,,
1438,14,13498,103460,,BCA,,N,0,,,,,
1439,14,13499,103461,,ABC,,N,0,,,,,
1440,14,13499,103462,,ACB,,N,0,,,,,
1441,14,13499,103463,,BCA,,Y,1,,,,,
1442,14,13500,103464,,CAB,,Y,1,,,,,
1443,14,13500,103465,,ACB,,N,0,,,,,
1444,14,13500,103466,,BCA,,N,0,,,,,
1445,14,13501,103467,,ABC,,N,0,,,,,
1446,14,13501,103468,,ACB,,N,0,,,,,
1447,14,13501,103469,,CAB,,Y,1,,,,,
1448,14,13502,103470,,ABC,,N,0,,,,,
1449,14,13502,103471,,ACB,,Y,1,,,,,
1450,14,13502,103472,,BCA,,N,0,,,,,
1451,18,13519,103489,,A,,N,0,,,,,
1452,18,13519,103490,,B,,Y,1,,,,,
1453,18,13519,103491,,C,,N,0,,,,,
1454,18,13519,103492,,None of the above,,N,0,,,,,
1455,18,13520,103493,,A,,N,0,,,,,
1456,18,13520,103494,,B,,N,0,,,,,
1457,18,13520,103495,,C,,Y,1,,,,,
1458,18,13520,103496,,None of the above,,N,0,,,,,
1459,18,13521,103497,,A,,N,0,,,,,
1460,18,13521,103498,,B,,Y,1,,,,,
1461,18,13521,103499,,C,,N,0,,,,,
1462,18,13521,103500,,None of the above,,N,0,,,,,
1463,18,13522,103501,,A,,N,0,,,,,
1464,18,13522,103502,,B,,N,0,,,,,
1465,18,13522,103503,,C,,N,0,,,,,
1466,18,13522,103504,,None of the above,,Y,1,,,,,
1467,18,13523,103505,,A,,N,0,,,,,
1468,18,13523,103506,,B,,N,0,,,,,
1469,18,13523,103507,,C,,Y,1,,,,,
1470,18,13523,103508,,None of the above,,N,0,,,,,
1471,18,13524,103509,,A,,Y,1,,,,,
1472,18,13524,103510,,B,,N,0,,,,,
1473,18,13524,103511,,C,,N,0,,,,,
1474,18,13524,103512,,None of the above,,N,0,,,,,
1475,18,13525,103513,,A,,N,0,,,,,
1476,18,13525,103514,,B,,Y,1,,,,,
1477,18,13525,103515,,C,,N,0,,,,,
1478,18,13525,103516,,None of the above,,N,0,,,,,
1479,18,13526,103517,,A,,N,0,,,,,
1480,18,13526,103518,,B,,N,0,,,,,
1481,18,13526,103519,,C,,N,0,,,,,
1482,18,13526,103520,,None of the above,,Y,1,,,,,
1483,18,13527,103521,,A,,Y,1,,,,,
1484,18,13527,103522,,B,,N,0,,,,,
1485,18,13527,103523,,C,,N,0,,,,,
1486,18,13527,103524,,None of the above,,N,0,,,,,
1487,18,13528,103525,,A,,N,0,,,,,
1488,18,13528,103526,,B,,Y,1,,,,,
1489,18,13528,103527,,C,,N,0,,,,,
1490,18,13528,103528,,None of the above,,N,0,,,,,
1491,18,13529,103529,,A,,N,0,,,,,
1492,18,13529,103530,,B,,N,0,,,,,
1493,18,13529,103531,,C,,N,0,,,,,
1494,18,13529,103532,,None of the above,,Y,1,,,,,
1495,18,13530,103533,,A,,N,0,,,,,
1496,18,13530,103534,,B,,N,0,,,,,
1497,18,13530,103535,,C,,Y,1,,,,,
1498,18,13530,103536,,None of the above,,N,0,,,,,
1499,18,13531,103537,,A,,N,0,,,,,
1500,18,13531,103538,,B,,Y,1,,,,,
1501,18,13531,103539,,C,,N,0,,,,,
1502,18,13531,103540,,None of the above,,n,0,,,,,
1503,18,13532,103541,,A,,Y,1,,,,,
1504,18,13532,103542,,B,,N,0,,,,,
1505,18,13532,103543,,C,,N,0,,,,,
1506,18,13532,103544,,None of the above,,N,0,,,,,
1507,18,13533,103545,,A,,N,0,,,,,
1508,18,13533,103546,,B,,Y,1,,,,,
1509,18,13533,103547,,C,,N,0,,,,,
1510,18,13533,103548,,None of the above,,N,0,,,,,
1511,18,13534,103549,,A,,N,0,,,,,
1512,18,13534,103550,,B,,N,0,,,,,
1513,18,13534,103551,,C,,Y,1,,,,,
1514,18,13534,103552,,None of the above,,N,0,,,,,
1515,18,13535,103553,,A,,N,0,,,,,
1516,18,13535,103554,,B,,Y,1,,,,,
1517,18,13535,103555,,C,,N,0,,,,,
1518,18,13535,103556,,None of the above,,N,0,,,,,
1519,18,13536,103557,,A,,N,0,,,,,
1520,18,13536,103558,,B,,N,0,,,,,
1521,18,13536,103559,,C,,Y,1,,,,,
1522,18,13536,103560,,None of the above,,N,0,,,,,
1523,18,13537,103561,,A,,N,0,,,,,
1524,18,13537,103562,,B,,Y,1,,,,,
1525,18,13537,103563,,C,,N,0,,,,,
1526,18,13537,103564,,None of the above,,N,0,,,,,
1527,18,13538,103565,,Shapes,,Y,1,,,,,
1528,18,13538,103566,,Tools,,N,0,,,,,
1529,18,13538,103567,,None of the above ,,N,0,,,,,
1530,18,13539,103568,,Pink Shapes,,N,0,,,,,
1531,18,13539,103569,,Blue Shapes,,N,0,,,,,
1532,18,13539,103570,,None of the above,,Y,1,,,,,
1533,18,13540,103571,,Balls,,Y,1,,,,,
1534,18,13540,103572,,Sports shoes,,N,0,,,,,
1535,18,13540,103573,,None of the above,,N,0,,,,,
1536,18,13541,103574,,Food,,Y,1,,,,,
1537,18,13541,103575,,Drinks,,N,0,,,,,
1538,18,13541,103576,,None of the above,,N,0,,,,,
1539,18,13542,103577,,Drinks,,N,0,,,,,
1540,18,13542,103578,,Desserts,,N,0,,,,,
1541,18,13542,103579,,None of the above,,Y,1,,,,,
1542,18,13543,103580,,Animals,,Y,1,,,,,
1543,18,13543,103581,,Dogs,,N,0,,,,,
1544,18,13543,103582,,None of the above,,N,0,,,,,
1545,18,13544,103583,,Balls,,N,0,,,,,
1546,18,13544,103584,,Shoes,,N,0,,,,,
1547,18,13544,103585,,None of the above,,Y,1,,,,,
1548,18,13545,103586,,Sports equipment,,Y,1,,,,,
1549,18,13545,103587,,Shoes,,N,0,,,,,
1550,18,13545,103588,,None of the above,,N,0,,,,,
1551,18,13546,103589,,Bees,,N,0,,,,,
1552,18,13546,103590,,Insects,,Y,1,,,,,
1553,18,13546,103591,,None of the above,,N,0,,,,,
1554,18,13547,103592,,Drinks,,N,0,,,,,
1555,18,13547,103593,,Desserts,,Y,1,,,,,
1556,18,13547,103594,,None of the above,,N,0,,,,,
1557,18,13548,103595,,Trains,,N,0,,,,,
1558,18,13548,103596,,Trucks,,N,0,,,,,
1559,18,13548,103597,,None of the above,,Y,1,,,,,
1560,18,13549,103598,,Clothes,,Y,1,,,,,
1561,18,13549,103599,,Shoes,,N,0,,,,,
1562,18,13549,103600,,None of the above,,N,0,,,,,
1563,18,13550,103601,,TVs,,N,0,,,,,
1564,18,13550,103602,,Radios,,N,0,,,,,
1565,18,13550,103603,,None of the above,,Y,1,,,,,
1566,18,13551,103604,,Appliances,,Y,1,,,,,
1567,18,13551,103605,,TVs,,N,0,,,,,
1568,18,13551,103606,,None of the above,,N,0,,,,,
1569,18,13552,103607,,Circus animals,,Y,1,,,,,
1570,18,13552,103608,,Pets,,N,0,,,,,
1571,18,13552,103609,,None of the above,,N,0,,,,,
1572,18,13553,103610,,Insects,,N,0,,,,,
1573,18,13553,103611,,Birds,,Y,1,,,,,
1574,18,13553,103612,,None of the above,,N,0,,,,,
1575,18,13554,103613,,Sea creatures,,Y,1,,,,,
1576,18,13554,103614,,Reptiles,,N,0,,,,,
1577,18,13554,103615,,None of the above,,N,0,,,,,
1578,18,13555,103616,,Plants,,Y,1,,,,,
1579,18,13555,103617,,Fruites,,N,0,,,,,
1580,18,13555,103618,,None of the above,,N,0,,,,,
1581,18,13556,103619,,Dollar bills,,N,0,,,,,
1582,18,13556,103620,,Coins,,Y,1,,,,,
1583,18,13556,103621,,None of the above,,N,0,,,,,
1584,18,13557,103622,,Houses,,N,0,,,,,
1585,18,13557,103623,,Offices,,N,0,,,,,
1586,18,13557,103624,,None of the above,,Y,1,,,,,
1587,18,13558,103625,,Adults,,N,0,,,,,
1588,18,13558,103626,,Kids,,Y,1,,,,,
1589,18,13558,103627,,None of the above,,N,0,,,,,
1590,18,13559,103628,,Houses,,N,0,,,,,
1591,18,13559,103629,,Rooms,,Y,1,,,,,
1592,18,13559,103630,,None of the above,,N,0,,,,,
1593,18,13560,103631,,Cinema,,N,0,,,,,
1594,18,13560,103632,,Home,,Y,1,,,,,
1595,18,13560,103633,,None of the above,,N,0,,,,,
1596,18,13561,103634,,Fruits,,N,0,,,,,
1597,18,13561,103635,,Vegetables,,Y,1,,,,,
1598,18,13561,103636,,None of the above,,N,0,,,,,
1599,18,13562,103637,,Bodyparts,,Y,1,,,,,
1600,18,13562,103638,,Legs,,N,0,,,,,
1601,18,13562,103639,,None of the above,,N,0,,,,,
1602,18,13563,103640,,Sports,,Y,1,,,,,
1603,18,13563,103641,,Hobbies,,N,0,,,,,
1604,18,13563,103642,,None of the above,,N,0,,,,,
1605,18,13564,103643,,Hobbies,,Y,1,,,,,
1606,18,13564,103644,,Sports,,N,0,,,,,
1607,18,13564,103645,,None of the above,,N,0,,,,,
1608,18,13565,103646,,Pigs,,N,0,,,,,
1609,18,13565,103647,,Cows,,N,0,,,,,
1610,18,13565,103648,,None of the above,,Y,1,,,,,
1611,18,13566,103649,,Red Fruits,,N,0,,,,,
1612,18,13566,103650,,Green Fruits,,N,0,,,,,
1613,18,13566,103651,,None of the above,,Y,1,,,,,