20335,15,1000341,FIB,"What is the missing number: 89, 86, ...,80, 77, 74",,,83,,,17,2,,,,,,,
20336,2,1000342,FIB,26+11=,,,37,,,18,1,,,,,,,
20337,3,1000343,FIB,55-14=,,,41,,,34,1,,,,,,,
20338,3,1000344,FIB,subtract 2 tens from 35 ones=,,,15,,,36,2,,,,,,,
20339,3,1000345,FIB,10 less than 77 is,,,67,,,37,2,,,,,,,
20340,21,1000346,FIB,write in words: 13,,,thirteen,,,34,2,,,,,,,
20341,21,1000347,FIB,write in words: 93,,,ninty three,,,35,2,,,,,,,
20342,20,1000348,O,"Arrange from smallest to greatest: 37,29,15,74",,,"15,29,37,74","37,29,15,74",,,1,,,,,,,
20343,3,1000349,FIB,73-3=….tens,,,7,,,38,2,,,,,,,
20344,26,1000350,MC,Which equation equals -10?,,,,,,19,3,,,,,,,
20345,15,1000351,MC,"Which of the four have the largest answer: 79-31, 42-2tens, 20 ones",,,,,,11,3,,,,,,,
20346,15,1000352,FIB,Sam has 7 stamps. Ken has 8 stamps. James has 10 stamps. 2 boys put their stamps into a stamp album. There are 17 stamps in the stamp album now. Which 2 boys put their stamps in the album?,,,"sam,james",,,12,3,,,,,,,
20347,15,1000353,FIB,Simon had 50 erasers. Elliot gave him 13 erasers. How many erasers does Simon have now?,,,63,,,13,3,,,,,,,
20348,15,1000354,FIB,Sammy had 32 eggs. She used 12 eggs to bake cookies with her mom. How many eggs does she have left?,cookies.jpg,cookies.jpg,20,,,14,3,,,,,,,
20349,15,1000355,FIB,wilfred has 30 stickers. Jane has 3 fewer stickers than wilfred. How many stickers does jake have?,,,27,,,15,3,,,,,,,
20350,15,1000356,FIB,Sarah has 37 pens. 6 of the pens are blue and the rest are yellow. How many of the pens are yellow?,,,31,,,16,3,,,,,,,
20351,15,1000357,FIB,Edward has 35 ballons and Sara has 24 ballons. sara has 10 more ballons than lenny. How many ballons does lenny have?,,,14,,,17,3,,,,,,,
20352,15,1000358,FIB,Peter has 35 ballons and sara has 24 ribbons. Carol has 10 more ribbons than lenny. How many more ribbons than does Peter have than Carol?,,,11,,,18,3,,,,,,,
20353,2,1000359,FIB,59+31=,,,90,,,19,1,,,,,,,
20354,3,1000360,FIB,63-23=,,,40,,,35,1,,,,,,,
20355,2,1000361,FIB,I am number between 20 and 30. if you add 6 to me the number will be 32. I am ...,,,26,,,26,3,,,,,,,
20356,3,1000362,FIB,6 less than 84 is….,,,78,,,36,1,,,,,,,
20357,15,1000363,FIB,"What is the missing number in this series: 23,21,19,…,15,13,11,9",,,17,,,16,1,,,,,,,
20358,1,1000364,MC,"choose the set with the smallest answer: 12+18, 54+17, 89-74",,,,,,44,2,,,,,,,
20359,2,1000365,MC,Which equation adds up to 62?,,,,,,21,2,,,,,,,
20360,2,1000366,MC,Which equation adds up to 86?,,,,,,22,2,,,,,,,
20361,20,1000367,MC,"From the following series of numbers: 25,42,15. Which has the smallest value?",,,,,,,2,,,,,,,
20362,20,1000368,MC,"From the following numbers: 90,42,62. Which is the largest value?",,,,,,,2,,,,,,,
20363,11,1000369,FIB,"Of the numbers listed, 25,80,50,13,62. Which is smaller than 62 but greater than 25?",,,50,,,25,3,,,,,,,
20364,11,1000370,FIB,Paul has 19 toys. James has 14 fewer toys. How many toys does John have?,,,5,,,23,2,,,,,,,
20365,11,1000371,FIB,Mrs Anwar gave out 2 stars for every 10 correct answers for a mathematics test. Amy had 40 questions correct in the test. How many stars did Mrs Anwar give Amy?,,,8,,,26,3,,,,,,,
20366,11,1000372,FIB,Ahmad has 22 marbles. Jane has 16 marbles. How many more marbles does ahmad have than jane?,,,6,,,,,,,,,,,
20367,11,1000373,FIB,Sulin had 19 stickers in album. She gave 8 stickers to her brother. How many stickers does she have now?,,,11,,,27,3,,,,,,,
20368,11,1000374,FIB,Farrah bought 12 mangoes. Ahmad bought 6 more mangoes than Farrah. How many mangoes did Ahmad buy?,,,18,,,28,3,,,,,,,
20369,13,1000375,FIB,Daniel wants to buy a pair of school shoes that costs $18. He has $7. how much more money does he need?,,,$11,,,11,3,,,,,,,
20370,13,1000376,FIB,Devi has 30$ left after paying for bar of choclate (65$). How much money did she have at first?,,,95$,,,12,3,,,,,,,
20371,21,1000377,FIB,write in words : 7,,,seven,,,36,2,,,,,,,
20372,11,1000378,FIB,1 more than 3 is,,,4,,,7,1,,,,,,,
20373,11,1000379,FIB,1 less than 5 is,,,4,,,8,1,,,,,,,
20374,15,1000380,MC,"What is the missing number: 7,….,9,10",,,,,,17,1,,,,,,,
20375,15,1000381,MC,"What is the missing number: 4,3,...,1",,,,,,18,1,,,,,,,
20376,2,1000382,FIB,3+9=…,,,12,,,20,1,,,,,,,
20377,2,1000383,FIB,…+0=6,,,6,,,21,1,,,,,,,
20378,3,1000384,FIB,9-5=…,,,4,,,37,1,,,,,,,
20379,3,1000385,FIB,10-…=4,,,6,,,38,1,,,,,,,
20380,11,1000386,FIB,"The greatest number from 56,72,88,64 is…",,,88,,,24,2,,,,,,,
20381,11,1000387,MC,"from 56,72,99, which number is greater than 60 but smaller than 74?",,,,,,25,2,,,,,,,
20382,15,1000388,FIB,what is 7 tens 18 ones?,,,88,,,19,1,,,,,,,
20383,15,1000389,FIB,34+52=8 tens….ones,,,6,,,20,1,,,,,,,
20384,21,1000390,FIB,write the number: forty-nine,,,49,,,37,2,,,,,,,
20385,21,1000391,FIB,write the number: seventy-five,,,75,,,38,2,,,,,,,
20386,21,1000392,FIB,write the number in words: 98,,,ninty eight,,,39,2,,,,,,,
20387,21,1000393,FIB,write the number in words: 52,,,fifty two,,,40,2,,,,,,,
20388,11,1000394,FIB,6 more than 82 is,,,88,,,9,1,,,,,,,
20389,11,1000395,FIB,3 less than 100 is,,,97,,,10,1,,,,,,,
20390,15,1000396,FIB,31 + 3 tens is,,,61,,,21,1,,,,,,,
20391,15,1000397,FIB,75+15 =…..tens,,,9,,,22,1,,,,,,,
20392,15,1000398,FIB,3 tens + 5 tens =…..,,,80,,,23,1,,,,,,,
20393,15,1000399,FIB,6 ones + 7 ones=….,,,13,,,24,1,,,,,,,
20394,2,1000400,FIB,paul has 35 blue marbles. Samuel has 17 green marbles. How many marbles do the two boys samuel have altogether?,,,52,,,27,3,,,,,,,
20395,2,1000401,FIB,Mr Lim had some apples. He sold 30 apples during the day. He had 44 apples left. How many papays did he have at first?,,,74,,,28,3,,,,,,,
20396,15,1000402,FIB,"Fill in the missing numbers: 21,…,25,…,29",,,"23,27",,,18,2,,,,,,,
20397,15,1000403,FIB,"Fill in the missing numbers: ...,34,…,32,…,30",,,"35,33,31",,,19,2,,,,,,,
20398,20,1000404,O,"arrange from greatest to smallest: 19,32,65,14,23",,,"65,32,23,19,14","19,32,65,14,23",,,2,,,,,,,
20399,2,1000405,FIB,8+6+10=…,,,24,,,22,1,,,,,,,
20400,2,1000406,FIB,14+…=25,,,11,,,23,1,,,,,,,
20401,2,1000407,FIB,23+16=,,,39,,,24,1,,,,,,,
20402,2,1000408,FIB,13+14=…,,,27,,,25,1,,,,,,,
20403,2,1000409,FIB,18+20=…,,,38,,,26,1,,,,,,,
20404,2,1000410,FIB,36+14=…,,,50,,,27,1,,,,,,,
20405,2,1000411,FIB,Sam has 24 marbles. John gas 9 more marbles than john. How many marbles does John have?,,,33,,,29,3,,,,,,,
20406,2,1000412,FIB,Tim had some toy cars. He gave 6 of his toy cars to his brother and 7 of his toy cars to his cousin. He had 11 toy cars left. How many Toy Cars did Tim have at first?,,,24,,,30,3,,,,,,,
20407,15,1000413,FIB,6 fours=…,,,24,,,20,2,,,,,,,
20408,15,1000414,FIB,How many fours are there in 20?,,,5,,,21,2,,,,,,,
20409,15,1000415,FIB,5 groups of 6=…,,,30,,,22,2,,,,,,,
20410,2,1000416,FIB,Sam has 9 ice cream sticks. He uses 3 sticks to form a triangle. How many triangles can he make with 9 sticks?,,,3,,,31,3,,,,,,,
20411,4,1000417,FIB,A square has 4 sides. How many sides do 9 squares have?,,,36,,,13,3,,,,,,,
20412,2,1000418,FIB,There are 3 vases. Mother puts 3 flowers in each vase. How many flowers are there altogether?,red_flower.jpg,red_flower.jpg,9,,,32,3,,,,,,,
20413,2,1000419,FIB,Dawn bought 8 cupcakes. There are 2 cherries on each cupcake. How many cherries were there altogether?,,,16,,,33,3,,,,,,,
20414,2,1000420,FIB,Henry bought 15 marbles to be shared equally among his 3 friends. How many marble did each friend receive?,,,5,,,34,3,,,,,,,
20415,2,1000421,FIB,"For every 4 books that peter buys, he recieves 1 free pens. Peter wants to buy 16 books. How many pens will he receive?",,,4,,,35,3,,,,,,,
20416,2,1000422,FIB,Sam is standing in front of Adam. Elsa is standding in between Adam and Hanna. Who is standing at the end of the line?,,,Hanna,,,36,3,,,,,,,
20417,3,1000423,FIB,49-14=…,,,35,,,39,2,,,,,,,
20418,2,1000424,FIB,72+15=…,,,87,,,23,2,,,,,,,
20419,15,1000425,MC,"Which is the greatest value: 67 ones, 6 tens 9 ones, 5 tens 15 ones",,,,,,19,3,,,,,,,
20420,41,1000426,FIB,Ang has 24 flowers. She places 6 flowers in each vase. How many vases does she need for all the flowers?,purple_flower.jpg,purple_flower.jpg,4,,,19,3,,,,,,,
20421,13,1000427,FIB,Sally had five $5 notes. How much money does she have?,,,$25,,,13,3,,,,,,,
20422,2,1000428,FIB,…+22=100,,,78,,,24,2,,,,,,,
20423,15,1000429,FIB,38 and 5 make ….ones and…tens,,,"3,4",,,23,2,,,,,,,
20424,3,1000430,FIB,May have 48 paper clips. Susan has 29 paper clips fewer than May. How many paper clips does Susan have?,,,19,,,43,3,,,,,,,
20425,11,1000431,FIB,Mary has 9 toy cars. Nick has 16 more toy cars than Mary. How many toy cars does Nick have?,,,25,,,29,3,,,,,,,
20426,41,1000432,FIB,Tan bought 18 lollipops. She placed them equally into 2 bags. How many lollipops are there in each bag?,,,9,,,20,3,,,,,,,
20427,2,1000433,FIB,"Tan gave 4 stickers each to Ann, Betty and Cathy. How many stickers did Tan give to the girls altogether?",,,12,,,37,3,,,,,,,
20428,13,1000434,FIB,A toy plane costs $25. Leo has $17. How much more money does Leo need to buy the toy plane?,,,$8,,,14,3,,,,,,,
20429,11,1000435,MC,"which is the greatest value: fifty-one, fifty-two, forty-five",,,,,,30,3,,,,,,,
20430,15,1000436,FIB,8 tens 3 ones has the same value as…,,,83,,,24,2,,,,,,,
20431,1,1000437,FIB,What number comes after 79?,,,80,,,47,3,,,,,,,
20432,1,1000438,FIB,What number is between 60 and 62?,,,61,,,48,3,,,,,,,
20433,15,1000439,FIB,What is the value of 3 Tens 11ones,,,41,,,25,2,,,,,,,
20434,2,1000440,FIB,What is the value of 53+14?,,,67,,,25,2,,,,,,,
20435,2,1000441,FIB,What is the value of 24+16?,,,40,,,26,2,,,,,,,
20436,2,1000442,FIB,What is the value of 52-8?,,,44,,,27,2,,,,,,,
20437,3,1000443,FIB,51-…=48,,,3,,,40,2,,,,,,,
20438,11,1000444,FIB,Josh is thinking of a 2 digit number. The digit in the ones place is 3 more than 4. The digit in the tens place is 1 less than 8. what is the number that Josh is thinking of?,,,77,,,31,3,,,,,,,
20439,11,1000445,FIB,Riz has 37 stickers. Gordon has 11 more stickers than Riz. How many stickers does Gordon have?,,,48,,,32,3,,,,,,,
20440,41,1000446,FIB,There are 21 pencils. Put them in 3 equally groups. There will be…pencils in each group.,coloring_pencils.PNG,coloring_pencils.PNG,7,,,21,3,,,,,,,
20441,15,1000447,FIB,3 fives=,,,15,,,26,2,,,,,,,
20442,41,1000448,FIB,Lim bought 6 cakes for her class party. There are 3 candles on each cake. How many candles are there altogether.,cake.jpg,cake.jpg,18,,,22,3,,,,,,,
20443,21,1000449,FIB,write 28 in words,,,Twenty eight,,,41,2,,,,,,,
20444,15,1000450,FIB,4 tens 8 ones =…,,,48,,,25,1,,,,,,,
20445,11,1000451,O,"Arrange the numbers from the greatest to the smallest: 51,93,25,72",,,"93,72,51,25","51,93,25,72",,26,2,,,,,,,
20446,11,1000452,FIB,…is 10 less than 46,,,36,,,27,2,,,,,,,
20447,15,1000453,FIB,"fill in the missing numbers: 83,…,87,89,…,93,95",,,"85,91",,,27,2,,,,,,,
20448,2,1000454,FIB,18+4=…,,,22,,,28,1,,,,,,,
20449,3,1000455,FIB,33-8=…,,,25,,,39,1,,,,,,,
20450,2,1000456,FIB,4+2+9=…,,,15,,,29,1,,,,,,,
20451,2,1000457,FIB,7+7+7=…,,,21,,,30,1,,,,,,,
20452,11,1000458,FIB,"Which number is smaller than 80 but greater than 45: 94, 66, 19, 40",,,66,,,28,2,,,,,,,
20453,2,1000459,FIB,"What is the greatest number formed using two of the following numbers: 7,2,8,5",,,87,,,28,2,,,,,,,
20454,11,1000460,FIB,"What is the smallest number formed using two of the following numbers: 2,1,8,5",,,12,,,29,2,,,,,,,
20455,2,1000461,FIB,Jack has 37 stamps. Betty has 21 stamps. How many stamps do they have altogether?,,,58,,,38,3,,,,,,,
20456,3,1000462,FIB,Felix has 74 marbles. He gives 47 marbles to a friend. How many marbles does he have left?,,,27,,,44,3,,,,,,,
20457,11,1000463,FIB,Yasmine has 45 stickers. Bala has 10 more stickers than Yasmine. How many stickers does Bala have?,,,55,,,33,3,,,,,,,
20458,13,1000464,FIB,A bag cost $48. A dress cost $32 more than the bag. How much did the dress cost?,dress.jpg,dress.jpg,$80,,,15,3,,,,,,,
20459,13,1000465,FIB,Ethan had $55. He spent $19 on a pair of shoes. How much money had he left?,,,$36,,,16,3,,,,,,,
20460,17,1000466,FIB,3 eights=3x…,,,8,,,66,2,,,,,,,
20461,17,1000467,FIB,8x3=…,,,24,,,67,2,,,,,,,
20462,2,1000468,FIB,2+2+2+2+2+2=…x2,,,6,,,29,2,,,,,,,
20463,41,1000469,FIB,4 children shared 12 cookies equally. How many cookies does each child get?,cookies.jpg,cookies.jpg,3,,,23,3,,,,,,,
20464,17,1000470,FIB,There are 4 muffins in each box. How many muffins are there in 3 such boxes altogether?,,,12,,,20,3,,,,,,,
20465,41,1000471,FIB,Jamal places 25 slices of cakes equally onto 5 plates. How many slices of cakes are on each plate?,,,5,,,24,3,,,,,,,
20466,2,1000472,FIB,…+9=10x2,,,11,,,30,2,,,,,,,
20467,41,1000473,FIB,Shirley buys 20 oranges. 4 of oranges were rotten and she threw them away. She then repacked the remaining oranges equally into 2 bags. How many oranges are there in each bag?,,,8,,,25,3,,,,,,,
20468,41,1000474,FIB,"Freddy has 6 story books and Uluma has 8 story books at first. If they decide to share the story books equally, how many story books will each of them get?",,,7,,,26,3,,,,,,,
20469,41,1000475,FIB,Rahim puts 6 cabbages into each bag. How many cabbages are there in 5 such bags?,cabbage.jpg,cabbage.jpg,30,,,27,3,,,,,,,
20470,2,1000476,FIB,Wendy has some balloons. She gives 4 balloons to each of her 7 friends. How many balloons does she give in all?,,,28,,,39,3,,,,,,,
20471,2,1000477,FIB,"Sui Yin has some balloons. She gives 3 balloons to each of her 7 friends. After giving away the ballons, Sui Yin still has 9 balloons left. How many balloons did she have at first?",,,30,,,40,3,,,,,,,
20472,2,1000478,FIB,Edward has 15 ice cream cones. He put all the ice cream cones into containers of 3. how many containers were there?,,,5,,,41,3,,,,,,,
20473,2,1000479,FIB,"Edward has 15 ice cream cones. He put all the ice cream cones into containers of 5. after that, his mother gave him another 6 more ice cream cones. If he put them into 7 containers equally, how many ice cream cones are there in each container now?",,,3,,,42,3,,,,,,,
20474,13,1000480,FIB,Mrs Lee went to the supermarket with $60 in her purse. She spent $38. how much money had she left?,,,$22,,,17,3,,,,,,,
20475,13,1000481,FIB,Pauline saves $67. She saves $15 less than her brother. How much did her brother save?,,,$82,,,18,3,,,,,,,
20476,13,1000482,FIB,Shafi bought a bag for $42 and a pair of shoes for $17. how much did he spend altogether?,,,$59,,,19,3,,,,,,,
20477,13,1000483,FIB,Shafi bought a bag for $42 and a pair of shoes for $17. After that he has $26. how much did he have at first?,,,$85,,,20,3,,,,,,,
20478,15,1000484,FIB,8 tens and 3 ones is…,,,83,,,28,2,,,,,,,
20479,2,1000485,FIB,9+8+5+4+1=….,,,27,,,31,1,,,,,,,
20480,3,1000486,FIB,76-36=…,,,40,,,40,1,,,,,,,
20481,2,1000487,FIB,John scored 41 points in a game. He scored 8 more points than Sam. How many points did Sam score?,,,33,,,43,3,,,,,,,
20482,15,1000488,FIB,51 is 4 tens less than….,,,91,,,26,1,,,,,,,
20483,15,1000489,FIB,"what is the missing number: 80, 65,..., 35, 20",,,50,,,27,1,,,,,,,
20484,2,1000490,FIB,"Old Mcdonald has a farm. In his farm, he has 4 pigs and some ducks. If the pigs and ducks have 28 feet altogether, how many ducks are there?",,,6,,,44,3,,,,,,,
20485,21,1000491,FIB,write the number in words: 32,,,Thirty two,,,42,2,,,,,,,
20486,21,1000492,FIB,write the number in words: 70,,,Seventy,,,43,2,,,,,,,
20487,2,1000493,FIB,the sum of 6 and 66 is…,,,72,,,32,1,,,,,,,
20488,11,1000494,FIB,Mother bought 63 apples and 28 oranges. How many more apples than oranges did she buy?,,,35,,,34,3,,,,,,,
20489,11,1000495,FIB,What number comes just before 80?,,,79,,,30,2,,,,,,,
20490,41,1000496,FIB,An oven can hold 3 trays. There are 12 cupcakes in each tray. How many cupcakes can the oven hold altogether?,,,36,,,28,3,,,,,,,
20491,11,1000497,FIB,I am a 2-digit number. I am greater than 75 but smaller than 90. Both my digits add up to 15. the smaller digit is in the tens place. What number am I?,,,78,,,35,3,,,,,,,
20492,11,1000498,FIB,"on the first day, Lee sold 4 erasers. Each day, she sold 2 more erasers than the day before. How many erasers would she sell on the fifth day?",,,12,,,36,3,,,,,,,
20493,41,1000499,FIB,Kaiting has 20 oranges. She shared the oranges with 5 friends. How many oranges did each of them get?,,,4,,,29,3,,,,,,,
20494,11,1000500,FIB,Pam and George went on a fishing trip. Pam caught 39 fish. George caught 14 more fish than Pam. How many fish did George catch?,,,53,,,37,3,,,,,,,
20495,41,1000501,FIB,Mother had some curry puffs. She gave 45 curry puffs to aunt Sue and 8 curry puffs to aunt May. She had 10 curry puffs left. How many curry puffs did she have at first?,,,63,,,30,3,,,,,,,
20496,2,1000502,FIB,Gerald buys carrots for his pet rabbit. There are 6 carrots in each bag. He buys 5 bags of carrots. How many carrots does Gerald buy in all?,,,30,,,45,3,,,,,,,
20497,3,1000503,FIB,"Gerald buys carrots for his pet rabbit. There are 4 carrots in each bag. He buys 5 bags of carrots. The rabbit eats 2 carrots aday. After 6 days, how many carrots does Gerald have left?",carrots.JPG,carrots.JPG,8,,,45,3,,,,,,,
20498,3,1000504,FIB,9-5=…,,,4,,,41,1,,,,,,,
20499,3,1000505,FIB,10-…=6,,,4,,,42,1,,,,,,,
20500,2,1000506,FIB,2+4=…,,,6,,,33,1,,,,,,,
20501,3,1000507,FIB,Jason buys 20 flowers. He puts 3 flowers in a vase. How many flowers are there outside the vase?,yellow_flower.jpg,yellow_flower.jpg,17,,,46,3,,,,,,,
20502,2,1000508,FIB,12+…=25,,,13,,,34,1,,,,,,,
20503,3,1000509,FIB,17-4=…,,,13,,,43,1,,,,,,,
20504,21,1000510,FIB,write the number 17 in words,,,seventeen,,,44,2,,,,,,,
20505,11,1000511,FIB,… is 1 more than 17,,,18,,,31,2,,,,,,,
20506,2,1000512,FIB,11+6=…,,,17,,,35,1,,,,,,,
20507,3,1000513,FIB,18-7=…,,,11,,,44,1,,,,,,,
20508,2,1000514,FIB,8+5=…,,,13,,,36,1,,,,,,,
20509,11,1000515,MC,"which number is the greatest: 14, 16, 9, 23",,,,,,32,2,,,,,,,
20510,11,1000516,O,"Arrange the numbers from the smallest to the greatest: 44, 7, 9, 13",,,"7,9,13,44","44,7,9,13",,33,2,,,,,,,
20511,3,1000517,FIB,Ali has 24 stickers. He gives 5 stickers to Susan. How many stickers does Ali have left?,,,19,,,47,3,,,,,,,
20512,11,1000518,O,"Arrange the numbers from the greatest to the smallest:36, 66,68,90",,,"90,68,66,36","36,66,68,90",,34,2,,,,,,,
20513,21,1000519,FIB,write the number in word: 95,,,ninty five,,,45,2,,,,,,,
20514,2,1000520,FIB,72+8=…,,,80,,,31,2,,,,,,,
20515,3,1000521,FIB,66-30=…,,,36,,,41,2,,,,,,,
20516,3,1000522,FIB,97-17=…,,,80,,,42,2,,,,,,,
20517,2,1000523,FIB,5+10+2=…,,,27,,,32,2,,,,,,,
20518,11,1000524,FIB,14 is…less than 19,,,5,,,11,1,,,,,,,
20519,15,1000525,FIB,"fill in the missing numbers: 85,...,81,…,77,75",,,"83,79",,,29,2,,,,,,,
20520,3,1000526,FIB,…-15=26,,,41,,,45,1,,,,,,,
20521,2,1000527,FIB,19+…=64,,,45,,,37,1,,,,,,,
20522,11,1000528,FIB,Ben has 58 books. Jack has 17 more than Ben. How many books does Jack have?,,,65,,,38,3,,,,,,,
20523,21,1000529,FIB,Write the given number in word : 19,,,ninteen,,,46,2,,,,,,,
20524,2,1000530,FIB,7+8=…,,,15,,,38,1,,,,,,,
20525,3,1000531,FIB,20-8=…,,,12,,,46,1,,,,,,,
20526,2,1000532,FIB,13+…=18,,,5,,,39,1,,,,,,,
20527,1,1000533,FIB,the number that comes just before 17 is…,,,16,,,45,2,,,,,,,
20528,11,1000534,FIB,17 is 3 less than…,,,20,,,35,2,,,,,,,
20529,15,1000535,FIB,"fill in the missing numbers: 20,18,…,14,...,10",,,"16,12",,,30,2,,,,,,,
20530,11,1000536,O,"Arrange numbers from greatest to smallest: 21,3,37,15,8",,,"37,21,15,8,3","21,3,37,15,8",,36,2,,,,,,,
20531,2,1000537,FIB,Mandy and Sally have 20 books. Mandy has 7 books. How many books does Sally have?,,,13,,,46,3,,,,,,,
20532,2,1000538,FIB,9+8+1=…,,,18,,,40,1,,,,,,,
20533,21,1000539,FIB,write number in word: 36,,,thirty six,,,16,3,,,,,,,
20534,11,1000540,O,"Arrange numbers from greatest to smallest: 73,24,15,52,28",,,"73,52,28,24,15","73,24,15,52,28",,37,2,,,,,,,
20535,15,1000541,FIB,"fill in the missing numbers: 50,...,46,44,…,40",,,"48,42",,,31,2,,,,,,,
20536,2,1000542,FIB,84+13=…,,,97,,,33,2,,,,,,,
20537,3,1000543,FIB,…-17=60,,,43,,,43,2,,,,,,,
20538,3,1000544,FIB,89-…=25,,,64,,,44,2,,,,,,,
20539,3,1000545,FIB,44-16=,,,28,,,45,2,,,,,,,
20540,11,1000546,FIB,Henry has 68 balls. Betty has 15 more balls than Robert. How many balls does Betty have?,,,83,,,39,3,,,,,,,
20541,13,1000547,FIB,Matt bought a shirt at $78. the watch cost $29 less than the shirt. How much did the watch cost?,,,49,,,21,3,,,,,,,
20542,11,1000548,FIB,Sophia has 3 bags. How many more bags must she buy so that she has 6 bags altogether?,,,3,,,40,3,,,,,,,
20543,2,1000549,FIB,There are 7 boys and 4 girls on a bus. How many children are there on the bus altogether?,,,11,,,47,3,,,,,,,
20544,3,1000550,FIB,Tony has some stones. He gives 4 stones to josh. He has 3 stones left. How many stones does he have at first?,,,7,,,48,3,,,,,,,
20545,21,1000551,FIB,write the number in words:6,,,six,,,47,2,,,,,,,
20546,21,1000552,FIB,write the number in words:9,,,nine,,,48,2,,,,,,,
20547,11,1000553,O,"Arrange from smallest: 10,1,4,0,7",,,"0,1,4,7,10","10,1,4,0,7",,12,1,,,,,,,
20548,3,1000554,FIB,"Use the numbers to make 2 subtraction equations: 6,2,8",,,"8-6=2 , 8-2=6",,,47,1,,,,,,,
20549,11,1000555,FIB,Alan and Bala have 9 balls. Bala has 3 more balls than Alan. How many do each boy have?,,,"Bala has 6 , Alan has 3",,,41,3,,,,,,,
20550,2,1000556,FIB,There are 10 children in a room. 4 of them are girls. How many boys are there?,,,6,,,48,3,,,,,,,
20551,3,1000557,FIB,Mary has some stamps. She gives 6 stamps to her brother . She has 3 stamps left. How many stamps does she have at first?,,,9,,,49,3,,,,,,,
20552,2,1000558,FIB,Juhalia has 7 candles. Kayla has 2 candles. Lucas has 10 candles. How many candles do they have altogether?,,,19,,,49,3,,,,,,,
20553,2,1000559,FIB,8 and … make 18,,,10,,,34,2,,,,,,,
20554,2,1000560,FIB,16+3=…,,,19,,,35,2,,,,,,,
20555,3,1000561,FIB,19-4=…,,,15,,,46,2,,,,,,,
20556,7,1000562,FIB,"During a boat race, Boat D is between Boat A and Boat B. Boat C is in front of the other boats. What is the position of boat D from the finishing line?",,,third,,,17,3,,,,,,,
20557,2,1000563,FIB,There are 4 red pens and 43 blue pens in a box. How many pens are there in the box?,,,47,,,50,3,,,,,,,
20558,2,1000564,FIB,There were 24 people at a party. 8 of them were children. The rest of them were adults. How many adults were there at the party?,,,16,,,51,3,,,,,,,
20559,11,1000565,O,"Arrange from the smallest: 75, 0, 2, 12, 20",,,"0,2,12,20,75","75,0,2,12,20",,38,2,,,,,,,
20560,15,1000566,FIB,"what is the missing numbers: 20,...,16,14,...,10",,,"18,12",,,32,2,,,,,,,
20561,2,1000567,FIB,Mother bought 7 strawberry cupcakes and 7 chocolate cupcakes. How many cupcakes did she buy altogether?,,,14,,,52,3,,,,,,,
20562,11,1000568,FIB,there are 12 eggs in box A and box B altogether. Box A has 2 more eggs than box B. how many eggs are there in box A and box B?,,,"7 eggs in box A,5 eggs in box B",,,42,3,,,,,,,
20563,11,1000569,FIB,Anita has an even number of oranges. The number of oranges she has is more than 16 but less than 20. how many oranges does Anita have?,,,18,,,43,3,,,,,,,
20564,2,1000570,FIB,Alex has 19 toys. Sara has 8 fewer toys than Alex. How many toys does Sara have?,,,11,,,53,3,,,,,,,
20565,2,1000571,FIB,"Sue brought some candies to school. After giving away 3 candies to her friend, Sue had 9 candies left. How many candies did Sue bring to school at first?",,,6,,,54,3,,,,,,,
20566,2,1000572,FIB,Harry has 12 ballons. He gives 7 ballons away. How many ballons does Harry have left?,,,5,,,55,3,,,,,,,
20567,15,1000573,FIB,"Fill in missing numbers:3,...,23,…,43,53,63",,,"13,33",,,33,2,,,,,,,
20568,2,1000574,FIB,58+11=…,,,69,,,36,2,,,,,,,
20569,11,1000575,FIB,I am number greater than 15+28 but smaller than 25+20. what number am I? (43 or 45 or 46),,,43,,,39,2,,,,,,,
20570,3,1000576,FIB,Tan had 86 apples. She gave some apples away. Then she had 39 apples left. How many apples did she give away?,,,47,,,50,3,,,,,,,
20571,3,1000577,FIB,"John had some stamps. After eric gave john 6 stamps, john had 62 stamps in the end. How many stamps did john have at first?",,,56,,,51,3,,,,,,,
20572,21,1000578,FIB,write 7 tens 2 ones in numerals,,,72,,,49,2,,,,,,,
20573,21,1000579,FIB,Write fifty-seven in digits,,,57,,,50,2,,,,,,,
20574,2,1000580,FIB,find sum of 30 and 35,,,65,,,37,2,,,,,,,
20575,11,1000581,O,"arrange from greatest: 48,16,99,29",,,"99,48,29,16","48,16,99,29",,40,2,,,,,,,
20576,11,1000582,FIB,kayla has 81 stickers. May has 26 more stickers than kayla. How many stickers does may have?,,,107,,,44,3,,,,,,,
20577,15,1000583,FIB,"what is missing numbers: 35,37,...,41,…",,,"39,43",,,34,2,,,,,,,
20578,7,1000584,FIB,peter is taller than janet. Janet is shorter than tammy but taller than ken. Who is the shortest?,,,ken,,,18,3,,,,,,,
20579,11,1000585,FIB,tom collected 46 seashells from the beach. Kimberly collected 19 more seashells than tom. How many seashells did kimberly collect?,shell.jpg,shell.jpg,65,,,45,3,,,,,,,
20580,2,1000586,FIB,ming and michelle have 77 stamps altogether. Michelle has 28 stamps. How many stamps does ming have?,,,49,,,56,3,,,,,,,
20581,2,1000587,FIB,33+6=…,,,39,,,38,2,,,,,,,
20582,26,1000588,FIB,subtract 4 from 88,,,84,,,26,2,,,,,,,
20583,3,1000589,FIB,what is the difference between 88 and 31?,,,57,,,47,2,,,,,,,
20584,2,1000590,FIB,Amy has 18 boxes of clay. Bala has 9 boxes of clay. Cindy has 6 boxes of clay. How many boxes of clay do they have altogether?,,,33,,,57,3,,,,,,,
20585,41,1000591,FIB,tom has 21 marbles. He puts them equally into 3 bags. How many marbles are there in each bag?,,,7,,,31,3,,,,,,,
20586,15,1000592,FIB,what is 20 more than 2 tens 9ones?,,,49,,,35,2,,,,,,,
20587,2,1000593,FIB,ali has 37 games. Larry has 78 games. How many games do they have altogether?,,,115,,,58,3,,,,,,,
20588,15,1000594,FIB,"what is the missing numbers: ..., 75,73,71,…,67",,,"77,69",,,36,2,,,,,,,
20589,33,1000595,FIB,some children were taking part in a race. There were 3 children in front of jay from the finishing line. There were 5 children between jay and kim. Kim was the last runner from the finishing line. How many children took part in the race?,,,10,,,11,3,,,,,,,
20590,21,1000596,FIB,write forty-five in numerals,,,45,,,51,2,,,,,,,
20591,21,1000597,FIB,write 2 tens 4 ones in numerals,,,24,,,52,2,,,,,,,
20592,11,1000598,O,"arrange from smallest 46, 36, 91, 23",,,"23,36,46,91","46,36,91,23",,13,1,,,,,,,
20593,11,1000599,FIB,Tom has 11 lollipops. He has 4 more lollipops than jenny. How many lollipops does jenny have?,,,7,,,46,3,,,,,,,
20594,3,1000600,FIB,Nadia had 84 christmas cards. She sent 46 cards to her friends. How many cards did she have left?,,,38,,,52,3,,,,,,,
20595,41,1000601,FIB,Albert bought 25 ballons for his party. He gave them equally to his 5 friends. How many ballons did each friend get?,,,5,,,32,3,,,,,,,
20596,17,1000602,FIB,Jamilah has 3 children. She baked 6 cookies for each child. How many cookies did she bake in all?,cookies.jpg,cookies.jpg,18,,,21,3,,,,,,,
20597,2,1000603,FIB,"On Friday, Christina picked 6 flowers. On Tuesday, she picked 11 flowers. On Wednesday, she picked 16 flowers. On Thursday, she picked 21 flowers. How many flowers did sammi pick on Sunday?",red_flower.jpg,red_flower.jpg,36,,,59,3,,,,,,,
20598,2,1000604,FIB,7+…=20,,,13,,,39,2,,,,,,,
20599,15,1000605,FIB,"fill in missing number: 14,…10,8,…",,,"12,6",,,28,1,,,,,,,
20600,21,1000606,FIB,write in word: 14,,,fourteen,,,53,2,,,,,,,
20601,21,1000607,FIB,write in number: nineteen,,,19,,,54,2,,,,,,,
20602,12,1000608,FIB,"complete the number pattern:…,15,13,12,10,9,7,…,…,3",,,"16,6,4",,,13,1,,,,,,,
20603,2,1000609,FIB,"write addition equation using only 3 of the numbers where the sum is 30: 13,6,11,7",,,7+6=13,,,41,1,,,,,,,
20604,3,1000610,FIB,"write subtraction equation using only 3 of the numbers: 19,11,15,8",,,19-8=11,,,48,1,,,,,,,
20605,2,1000611,FIB,david has 6 books. Bala has 11 books. How many books do they have altogether?,,,17,,,60,3,,,,,,,
20606,3,1000612,FIB,there are 27 chairs. 8 chairs are sold. How many chairs are not sold?,,,19,,,53,3,,,,,,,
20607,2,1000613,FIB,45+4=…,,,49,,,40,2,,,,,,,
20608,3,1000614,FIB,57-31=…,,,26,,,48,2,,,,,,,
20609,11,1000615,FIB,"ali has 36 cards, bala has 58 cards and cathy has 80 cards. Who has the card with greatest number?",,,cathy,,,47,3,,,,,,,
20610,15,1000616,FIB,add 4 tens to 55,,,95,,,37,2,,,,,,,
20611,12,1000617,FIB,"complete the pattern: ...,28,31,…,37,…,43",,,"25,34,40",,,23,3,,,,,,,
20612,2,1000618,FIB,…+49=99,,,50,,,41,2,,,,,,,
20613,3,1000619,FIB,75-22=…,,,53,,,49,2,,,,,,,
20614,15,1000620,FIB,48-25=…tens…ones,,,2tens 3ones,,,38,2,,,,,,,
20615,2,1000621,FIB,Timmy sold 61 tickets for a fun fair. He had 8 tickets left. How many tickets did he have at first?,,,69,,,61,3,,,,,,,
20616,3,1000622,FIB,There are 39 oranges in box. 23 of them are sold. How many oranges are left?,,,16,,,54,3,,,,,,,
20617,7,1000623,FIB,Sharon is standing in arow with other children. She is fifth from the right. She is also second from the left. How many children are there in the row?,,,6,,,19,3,,,,,,,
20618,2,1000624,FIB,3+3+3+3+3=…x…,,,3x5,,,42,2,,,,,,,
20619,15,1000625,FIB,4 fours=…,,,16,,,39,2,,,,,,,
20620,17,1000626,FIB,5x3=…,,,15,,,68,2,,,,,,,
20621,17,1000627,FIB,3x…=12,,,4,,,69,2,,,,,,,
20622,17,1000628,FIB,There are 8 chairs in room. Each chair has 4 legs. How many legs are there altogether?,,,32,,,22,3,,,,,,,
20623,17,1000629,FIB,"Mrs. Lee goes to ashop to buy some toys. She wants to buy 2 different types of toys. If she has 3 different types of toys to choose from, how many choices does she have?",,,3,,,23,3,,,,,,,
20624,2,1000630,FIB,4+5+3=…,,,12,,,43,2,,,,,,,
20625,2,1000631,FIB,33+4=…,,,37,,,44,2,,,,,,,
20626,3,1000632,FIB,40-16=…,,,24,,,50,2,,,,,,,
20627,3,1000633,FIB,subtract 2 tens 5ones from 9 tens,,,65,,,51,2,,,,,,,
20628,2,1000634,FIB,add 19 to 53,,,72,,,45,2,,,,,,,
20629,3,1000635,FIB,72-46=…,,,26,,,52,2,,,,,,,
20630,15,1000636,FIB,79-62=…tens…ones,,,1tens 7ones,,,29,1,,,,,,,
20631,15,1000637,O,"arrange from smallest: 1,23,21,18",,,"1,18,21,23","1,23,21,18",,30,1,,,,,,,
20632,12,1000638,FIB,"complete pattern: ...,27,24,…,18,…,12,9",,,"30,21,15",,,14,1,,,,,,,
20633,3,1000639,FIB,There are 23 parrots in a cage. 5 parrots are red. How many parrots are not red?,parrot.JPG,parrot.JPG,18,,,55,3,,,,,,,
20634,13,1000640,FIB,Rita ha $72. she needs another $28 to buy a dress. How much does the dress cost?,dress.jpg,dress.jpg,$100,,,22,3,,,,,,,
20635,3,1000641,FIB,ribbon A is shorter than ribbon B. ribbon C is longer than ribbon B. ribbon D is shorter than ribbon A. which ribbon is the longest?,,,C,,,56,3,,,,,,,
20636,17,1000642,FIB,Dorothy has 2 pairs of shoes and 4 pairs of socks. In how many different ways can she wear apair of socks with a pair of shoes?,,,8,,,24,3,,,,,,,
20637,3,1000643,FIB,25-11=…,,,14,,,49,1,,,,,,,
20638,3,1000644,FIB,…-5=22,,,27,,,50,1,,,,,,,
20639,2,1000645,FIB,add 8 and 28,,,36,,,42,1,,,,,,,
20640,12,1000646,FIB,"complete pattern: ...,21,23,…,27",,,"19,25",,,15,1,,,,,,,
20641,21,1000647,FIB,write number in word: 29,,,twenty nine,,,55,2,,,,,,,
20642,21,1000648,FIB,write word in number: thirteen,,,30,,,56,2,,,,,,,
20643,15,1000649,O,"arrange from greatest: 40,31,28,35",,,"40,35,31,28","40,31,28,35",,40,2,,,,,,,
20644,20,1000650,FIB,"Dolly has 4 pieces of string A,B,C and D. string A is longer than string B. string C is longer than string A but shorter than string D. which is the shortest string?",,,B,,,12,3,,,,,,,
20645,3,1000651,FIB,Andrew and Ali have 17 video games. Andrew has 12 video games. How many video games does Ali have?,,,5,,,57,3,,,,,,,
20646,2,1000652,FIB,There are 10 red beans and 13 green beans in box. How many beans are there altogether?,,,23,,,62,3,,,,,,,
20647,15,1000653,FIB,2 fours=…,,,8,,,41,2,,,,,,,
20648,2,1000654,FIB,7+7+7+7+7+7= 6x…,,,$7,,,46,2,,,,,,,
20649,41,1000655,FIB,tan bought 32 apples. She put the apples equally into 8 boxes. How many apples were there in each box?,,,4,,,33,3,,,,,,,
20650,17,1000656,FIB,A cat has 4 legs. How many legs do 20 cats have?,cat,,80,,,25,3,,,,,,,
20651,2,1000657,FIB,33+58=…,,,91,,,47,2,,,,,,,
20652,2,1000658,FIB,33+…=71,,,38,,,48,2,,,,,,,
20653,15,1000659,FIB,67=…tens…ones,,,6tens 7ones,,,42,2,,,,,,,
20654,15,1000660,FIB,"fill in missing numbers: 33,…,30,29,…,26",,,"32,27",,,43,2,,,,,,,
20655,15,1000661,O,"arrange from greatest:47,35,59,38,99",,,"99,59,47,38,35","47,35,59,38,99",,31,1,,,,,,,
20656,11,1000662,FIB,joel scored 73 marks for his english test. He scored 15 marks more in his english test than his mathematics test. How many marks did he score for his mathematics test?,,,88,,,48,3,,,,,,,
20657,7,1000663,FIB,alice is taller than charis. Alice is shorter than betty. Daisy is shorter than charis. Who is the tallest girl?,,,betty,,,4,2,,,,,,,
20658,33,1000664,FIB,"mary has a pink blouse, a blue blouse and a yellow blouse. In how many ways can she wear her blouse if she matches a white skirt or a black skirt with her blouse?",,,6,,,12,3,,,,,,,
20659,21,1000665,FIB,write in words:7,,,seven,,,57,2,,,,,,,
20660,21,1000666,FIB,write in words:12,,,tweleve,,,58,2,,,,,,,
20661,2,1000667,FIB,2 and…make 9,,,7,,,49,2,,,,,,,
20662,3,1000668,FIB,30-9=…,,,21,,,51,1,,,,,,,
20663,3,1000669,FIB,8-…=2,,,6,,,52,1,,,,,,,
20664,2,1000670,FIB,7+…=17,,,10,,,43,1,,,,,,,
20665,3,1000671,FIB,…-3=14,,,$11,,,53,1,,,,,,,
20666,11,1000672,O,"arrange from smallest: 17,25,8",,,"8,17,25","17,25,8",,14,1,,,,,,,
20667,3,1000673,FIB,Sham has 22 toy trains. He gives 4 of them to his sister. How many toy trains has he left?,,,18,,,58,3,,,,,,,
20668,11,1000674,FIB,josh ate 8 jelly beans. Andy ate 4 more jelly beans than josh. How many jelly beans did andy eat?,,,12,,,49,3,,,,,,,
20669,21,1000675,FIB,write in words:78,,,seventy eight,,,59,2,,,,,,,
20670,12,1000676,FIB,"complete pattern: 58,60,…,64,66,68,…",,,"62,70",,,16,1,,,,,,,
20671,15,1000677,FIB,the number that comes just before 32 is…,,,31,,,44,2,,,,,,,
20672,15,1000678,FIB,79 is in between 78 and …,,,80,,,45,2,,,,,,,
20673,11,1000679,FIB,10 more than 88 is…,,,98,,,41,2,,,,,,,
20674,2,1000680,FIB,17+ 32=,,,49,,,44,1,,,,,,,
20675,3,1000681,FIB,66-52=…,,,14,,,54,1,,,,,,,
20676,2,1000682,FIB,4+4+4+4+4+4+4=..x4,,,7,,,50,2,,,,,,,
20677,11,1000683,O,"arrange from smallest: 48, 12,29,81",,,"12,29,48,81","48,12,29,81",,15,1,,,,,,,
20678,3,1000684,FIB,17-…=7+3,,,7,,,55,1,,,,,,,
20679,17,1000685,FIB,There are 4 chidren. Each child has 7 pen. How many pens do they have ?,,,28,,,26,3,,,,,,,
20680,2,1000686,FIB,Sammy baked 62 cookies on Monday. She baked 35 cookies on Tuesday. How many cookies did she bake ?,cookies.jpg,cookies.jpg,97,,,63,3,,,,,,,
20681,2,1000687,FIB,Tom has 100 stickers. Sarah has 29 fewer stickers than tom. How many stickers does Sarah have?,,,71,,,64,3,,,,,,,
20682,15,1000688,FIB,7 fours=…x4,,,7,,,46,2,,,,,,,
20683,13,1000689,FIB,80$-40$=…$,,,40$,,,27,2,,,,,,,
20684,13,1000690,FIB,$23+$8=$...,,,$31,,,28,2,,,,,,,
20685,41,1000691,FIB,there are 30 lemons. Rashid places all lemons equally into 5 baskets. How many lemons are there in each basket?,,,6,,,34,3,,,,,,,
20686,41,1000692,FIB,Ram and ben share 6 biscuits equally between them. How many biscuits will each of them get?,,,3,,,35,3,,,,,,,
20687,41,1000693,FIB,Martha has 18 watermelons. She puts 2 watermelons into each box. How many boxes does mavis need?,,,9,,,36,3,,,,,,,
20688,13,1000694,FIB,"after buying a dress that cost $22, linda had $4 left. How much money did linda have at first?",,,26,,,23,3,,,,,,,
20689,13,1000695,FIB,michelle has $6. she wants to buy a bag that costs $29. how much more money does michelle need?,,,$23,,,24,3,,,,,,,
20690,13,1000696,FIB,"if 6 candycanes cost $5, how much will 18 candycanes cost?",,,$15,,,25,3,,,,,,,
20691,3,1000697,FIB,Rashid had 20 eggs. He ate 4 eggs. How many eggs were left?,,,16,,,59,3,,,,,,,
20692,41,1000698,FIB,Rashid had 30 eggs. He ate 6 eggs. Then he gave the remaining eggs to jane. Jane packed eggs equally into 2 bags. How many eggs in each bag?,,,12,,,37,3,,,,,,,
20693,3,1000699,FIB,20-7=…,,,13,,,56,1,,,,,,,
20694,2,1000700,FIB,1+3=…,,,4,,,45,1,,,,,,,
20695,2,1000701,FIB,3+6=…,,,9,,,46,1,,,,,,,
20696,21,1000702,FIB,write in words:11,,,eleven,,,60,2,,,,,,,
20697,12,1000703,FIB,"complete pattern: ...,12,14,16,…20",,,"10,18",,,14,2,,,,,,,
20698,2,1000704,FIB,4+…=8,,,4,,,47,1,,,,,,,
20699,3,1000705,FIB,…-3=5,,,8,,,57,1,,,,,,,
20700,11,1000706,FIB,17 is 5 less than…,,,22,,,16,1,,,,,,,
20701,2,1000707,FIB,tay baked 13 chocolate cookies and 15 orange cookies. How many cookies did she bake altogether?,cookies.jpg,cookies.jpg,28,,,65,3,,,,,,,
20702,2,1000708,FIB,15+18=…,,,33,,,51,2,,,,,,,
20703,3,1000709,FIB,23-4=…,,,19,,,53,2,,,,,,,
20704,21,1000710,FIB,write in words:40,,,forty,,,61,2,,,,,,,
20705,11,1000711,FIB,4 more than 16=1+…,,,19,,,17,1,,,,,,,
20706,2,1000712,FIB,karin makes 15 bracelets. Julie makes 12 bracelets. How many bracelets do they have in all?,,,27,,,66,3,,,,,,,
20707,3,1000713,FIB,joy buys 40 blue beads. She buys 27 fewer red beads than blue beads. How many red beads does she buy?,,,13,,,60,3,,,,,,,
20708,3,1000714,FIB,"jamie has 35 clips. After giving some clips to peter, she has 18 clips left. How many clips does she give to peter?",,,17,,,61,3,,,,,,,
20709,12,1000715,FIB,"complete pattern: 6,…,8,9",,,7,,,15,2,,,,,,,
20710,12,1000716,FIB,"complete pattern: ...,7,5,3,…",,,"9,1",,,16,2,,,,,,,
20711,11,1000717,FIB,whaT IS 2 LESS THAN 9?,,,7,,,42,2,,,,,,,
20712,15,1000718,FIB,"fill in missing numbers:...,18,16,…,12",,,"20,14",,,47,2,,,,,,,
20713,15,1000719,FIB,what is 1 ten and 9 ones?,,,19,,,48,2,,,,,,,
20714,15,1000720,FIB,"rearrrange from greatest:25,18,12",,,"25,18,12",,,49,2,,,,,,,
20715,21,1000721,FIB,write in words:10,,,ten,,,17,3,,,,,,,
20716,2,1000722,FIB,8+…=99,,,91,,,67,3,,,,,,,
20717,3,1000723,FIB,…-55=2,,,57,,,62,3,,,,,,,
20718,2,1000724,FIB,jane has 4 pencils. Her sister gives her 7 pencils. How many pencils does jane have altogether?,,,11,,,68,3,,,,,,,
20719,2,1000725,FIB,there are 8 children in room. 6 of them are girls. How many boys are there in room?,,,2,,,69,3,,,,,,,
20720,11,1000726,FIB,…is 3 less than 32,,,29,,,43,2,,,,,,,
20721,3,1000727,FIB,tan throws away 8 rotten apples and has 12 apples left. How many apples does she have at first?,,,20,,,63,3,,,,,,,
20722,21,1000728,FIB,write number in words:68,,,sixty eight,,,62,2,,,,,,,
20723,11,1000729,FIB,20 more than 29= 1 +…,,,48,,,18,1,,,,,,,
20724,15,1000730,FIB,"fill in missing numbers:38,35,…,…,26,23",,,"32,29",,,32,1,,,,,,,
20725,2,1000731,FIB,18+7=…,,,25,,,48,1,,,,,,,
20726,3,1000732,FIB,43-16=…,,,27,,,58,1,,,,,,,
20727,2,1000733,FIB,lily bakes 23 cookies. Her friend gives her 6 cookies. How many cookies does lily have in all?,cookies.jpg,cookies.jpg,29,,,70,3,,,,,,,
20728,2,1000734,FIB,Nancy buys 40 stickers. Jane buys 11 fewer stickers than Nancy. How many stickers does jane buy?,,,29,,,71,3,,,,,,,
20729,11,1000735,FIB,yeo had 14 eggs. She bought 30 more eggs and used 25 eggs for baking. How many eggs had yeo left?,,,19,,,50,3,,,,,,,
20730,41,1000736,FIB,"A piece of ribbon is cut into 2 pieces, A and B. ribbon B is 8 units long. It is 2 units shorter than ribbon A. what is the length of the piece of ribbon at first?",,,18,,,38,3,,,,,,,
20731,2,1000737,FIB,"3 blocks of wood X,Y and Z are being stacked up together. Their total height is 25 units. If block X is 6 units tall and block Y is 9 units tall. What is the total height of block X and Y?",,,15,,,72,3,,,,,,,
20732,2,1000738,FIB,"3 blocks of wood X,Y and Z are being stacked up together. Their total height is 25 units. If block X is 6 units tall and block Y is 9 units tall. What is the height of block Z?",,,10,,,73,3,,,,,,,
20733,11,1000739,FIB,6 more than 90=…,,,96,,,44,2,,,,,,,
20734,15,1000740,FIB,5 fours=…,,,20,,,50,2,,,,,,,
20735,15,1000741,FIB,1 tens 19 ones=…,,,29,,,51,2,,,,,,,
20736,3,1000742,FIB,…-7=73,,,80,,,54,2,,,,,,,
20737,21,1000743,FIB,write 54 in words,,,fifty four,,,63,2,,,,,,,
20738,3,1000744,FIB,64-6=…,,,58,,,55,2,,,,,,,
20739,17,1000745,FIB,A car has four wheels. 6 cars have….wheels.,,,24,,,27,3,,,,,,,
20740,15,1000746,FIB,55 is 3 tens more than,,,25,,,52,2,,,,,,,
20741,2,1000747,FIB,47+…=80,,,33,,,49,1,,,,,,,
20742,11,1000748,FIB,chan packed some cookies in boxes to give to her 3 friends. She wanted to give 6 cookies to each friend but found that she did not bake enough. How more cookies would she need to bake altogether?,cookies.jpg,cookies.jpg,18,,,51,3,,,,,,,
20743,11,1000749,FIB,ben bought 14 more pens than jim. Jim bought 23 more pens than frank. Frank had 37 pens. How many pens did jim have?,,,60,,,52,3,,,,,,,
20744,11,1000750,FIB,ben bought 14 more pens than jim. Jim bought 23 more pens than frank. Frank had 37 pens. How many pens did ben have?,,,74,,,53,3,,,,,,,
20745,2,1000751,FIB,Factory A made 95 chairs. Factory B made 37 fewer chairs than factory A. how many chairs did factory B make?,,,58,,,74,3,,,,,,,
20746,2,1000752,FIB,Tiffany had 5 sweets. Karen had 3 sweets. They decided to share their sweets equally between themselves. How many sweets did both girls have altogether at first?,,,8,,,75,3,,,,,,,
20747,41,1000753,FIB,Tiffany had 5 sweets. Karen had 3sweets. They decided to share their sweets equally between themselves. How many sweets would each of them get after sharing?,,,4,,,39,3,,,,,,,
20748,17,1000754,FIB,Alexis has 5 children. She gave each child 3 coins. How many coins did children get altogether?,,,15,,,28,3,,,,,,,
20749,11,1000755,FIB,what number comes just after 27?,,,28,,,19,1,,,,,,,
20750,11,1000756,FIB,what is 4 more than 41?,,,45,,,45,2,,,,,,,
20751,15,1000757,FIB,46 is…tens and 16 ones,,,3,,,53,2,,,,,,,
20752,15,1000758,FIB,3 tens more than 15 is the same as…,,,45,,,54,2,,,,,,,
20753,2,1000759,FIB,34=10+…,,,24,,,50,1,,,,,,,
20754,15,1000760,O,"Arrange FROM SMALLEST:28,8,40,38",,,"8,28,38,40","28,8,40,38",,55,2,,,,,,,
20755,26,1000761,FIB,"use the numbers to make subtraction equations: 18,11,29",,,29-11=18,,,27,2,,,,,,,
20756,12,1000762,FIB,"complete pattern: 25,...,29,31,…35",,,"27,33",,,17,2,,,,,,,
20757,2,1000763,FIB,6+8+4=…,,,18,,,52,2,,,,,,,
20758,11,1000764,FIB,susan has 33 classmates. She bakes 18 cookies. She wants to give each classmate 1 cookie. How many more cookies does susan need to bake?,cookies.jpg,cookies.jpg,15,,,54,3,,,,,,,
20759,3,1000765,FIB,Mia collected some shells. He gave 6 shells to his sister and 3 shells to his brother. He had 31 shells left. How many shells did Mia give away altogether?,,,9,,,64,3,,,,,,,
20760,3,1000766,FIB,Max collected some pokemon stickers. He gave 6 pokemon stickers to his sister and 3 pokemon stickers to his brother. He had 31 pokemon stickers left. How many pokemon stickers did Max have at first?,,,40,,,65,3,,,,,,,
20761,15,1000767,O,"arrange from greatest:59,13,11,76",,,"76,59,13,11","59,13,11,76",,56,2,,,,,,,
20762,15,1000768,FIB,"fill in missing numbers: ...,10,12,…,16",,,"8,14",,,57,2,,,,,,,
20763,2,1000769,FIB,20 and 5 make…,,,25,,,51,1,,,,,,,
20764,2,1000770,FIB,12+3=…,,,15,,,52,1,,,,,,,
20765,2,1000771,FIB,14+…=18,,,4,,,53,1,,,,,,,
20766,26,1000772,FIB,"use numbers to form subtraction equation: 17,9,8",,,17-8=9,,,28,2,,,,,,,
20767,3,1000773,FIB,13-…=12,,,1,,,56,2,,,,,,,
20768,3,1000774,FIB,…-2=16,,,18,,,57,2,,,,,,,
20769,26,1000775,MC,Which equation equals 8,,,,,,29,2,,,,,,,
20770,2,1000776,FIB,24+3=…,,,27,,,54,1,,,,,,,
20771,3,1000777,FIB,59-5=…,,,54,,,59,1,,,,,,,
20772,15,1000778,FIB,3 tens+66=…,,,96,,,33,1,,,,,,,
20773,15,1000779,FIB,80-1 ten=,,,70,,,34,1,,,,,,,
20774,2,1000780,FIB,8+36=…,,,44,,,55,1,,,,,,,
20775,2,1000781,FIB,60+26=…,,,86,,,56,1,,,,,,,
20776,3,1000782,FIB,85-40=…,,,45,,,60,1,,,,,,,
20777,2,1000783,FIB,38+9=…,,,47,,,57,1,,,,,,,
20778,15,1000784,FIB,4 tens 8 ones -6 ones=…,,,42,,,35,1,,,,,,,
20779,11,1000785,FIB,8 more than 61 is…,,,69,,,20,1,,,,,,,
20780,26,1000786,FIB,subtract 18 from 81,,,63,,,23,1,,,,,,,
20781,26,1000787,MC,Which equation equals 30,,,,,,24,1,,,,,,,
20782,11,1000788,FIB,joshua baked 36 cookies. He baked 14 cookies less than wendy. How many cookies did wendy bake?,cookies.jpg,cookies.jpg,50,,,55,3,,,,,,,
20783,3,1000789,FIB,david has 87 stamps. He gave 32 stamps to jane. How many stamps has he left?,,,55,,,66,3,,,,,,,
20784,41,1000790,FIB,"Mrs. Liew baked 21 cupcakes altogether. If she put 3 cupcakes on each plate , how many plates did she use?",,,7,,,40,3,,,,,,,
20785,17,1000791,FIB,guitar has 6 strings/ how many strings do 5 guitars have altogether?,,,30,,,29,3,,,,,,,
20786,17,1000792,FIB,spider has 8 legs. How many legs do 9 spiders have?,,,72,,,30,3,,,,,,,
20787,17,1000793,FIB,3x10=…+10+10,,,10,,,70,2,,,,,,,
20788,41,1000794,FIB,kelly caught 21 butterflies and put them equally into 3 bottles. How many butterflies did she put in each bottle?,,,7,,,41,3,,,,,,,
20789,17,1000795,FIB,there are 9 candles on each cake. How many candles do 6 cakes have altogether?,,,54,,,31,3,,,,,,,
20790,41,1000796,FIB,simon and 3 friends shared 20 marbles equally. How many marbles did each of them get?,,,5,,,42,3,,,,,,,
20791,11,1000797,FIB,jamal puts 9 fishes equally into 3 fish bowls. He wants to have 4 fishes in each fish bowl. How many more fishes must he buy?,,,3,,,56,3,,,,,,,
20792,17,1000798,FIB,tricycle has 3 wheels and a bicycle has 2 wheels. There are 2 tricycles and 3 bicycles at park. How many wheels are there altogether?,,,12,,,32,3,,,,,,,
20793,11,1000799,FIB,what number is 1 more than 7?,,,8,,,46,2,,,,,,,
20794,2,1000800,FIB,18+1=…,,,19,,,53,2,,,,,,,
20795,26,1000801,FIB,subtract 4 from 6,,,2,,,30,2,,,,,,,
20796,2,1000802,FIB,3 and… make 9,,,6,,,54,2,,,,,,,
20797,2,1000803,FIB,john has 6 sweets. He buys another 3 sweets. How many sweets does john have now?,,,9,,,76,3,,,,,,,
20798,2,1000804,FIB,sam has 4 apples and 3 bananas. How many fruits does he have altogether?,,,7,,,77,3,,,,,,,
20799,3,1000805,FIB,caili and david have 10 books altogether. Caili has 5 books. How many books does david have?,,,5,,,67,3,,,,,,,
20800,2,1000806,FIB,bala has 2 paper clips. His mother gives him another 10 paper clips. How many paper clips does he have now?,,,12,,,78,3,,,,,,,
20801,11,1000807,FIB,jill has 3 cupcakes. Mary has 7 cupcakes. How many more cupcakes does mary have than jill?,,,4,,,57,3,,,,,,,
20802,3,1000808,FIB,aini has 7 pears . She gives away 2 pears. How many paears does she have left?,,,5,,,68,3,,,,,,,
20803,2,1000809,FIB,ali has 3 balls. Mary has 3 balls. How many balls do they have?,,,6,,,79,3,,,,,,,
20804,3,1000810,FIB,john has 9 cookies. He puts 5 cookies in a jar and gives the rest to his sister. How many cookies does he gives to his sister?,cookies.jpg,cookies.jpg,4,,,69,3,,,,,,,
20805,26,1000811,FIB,"bala is thinking of anumber. When he subtracts 3 from it, he gets the answer 5. what number is he thinking of?",,,8,,,20,3,,,,,,,
20806,2,1000812,FIB,"Betsy has some books. After buying 6 books, she has 8 books altogether. How many books did she begin with?",,,2,,,80,3,,,,,,,
20807,2,1000813,FIB,Tom wants to buy 6 pens and erasers altogether. He wants at least one pen and one eraser. In how many different ways can he make his choice?,,,5,,,81,3,,,,,,,
20808,2,1000814,FIB,10 and 19 make,,,29,,,55,2,,,,,,,
20809,11,1000815,FIB,11 is 7 more than…,,,4,,,47,2,,,,,,,
20810,2,1000816,FIB,59 +17=…,,,76,,,58,1,,,,,,,
20811,3,1000817,FIB,70-28=…,,,42,,,61,1,,,,,,,
20812,15,1000818,O,"arrange from greatest:68,45,10,9",,,"68,45,10,9","68,45,10,9",,58,2,,,,,,,
20813,3,1000819,FIB,93-…=43,,,50,,,58,2,,,,,,,
20814,11,1000820,FIB,bala collected 36 toys. Derrick collected 53 more toys than bala. How many toys did derrick collect?,,,89,,,58,3,,,,,,,
20815,3,1000821,FIB,shopkeeper has 70 apples. He sells 68 apples. How many apples has he left?,,,2,,,70,3,,,,,,,
20816,11,1000822,FIB,alex has 26 pencils. Ken has 31 pencils. How many more pencils does ken have than alex?,,,5,,,59,3,,,,,,,
20817,2,1000823,FIB,"rachel had 5 red ballons, 3 yellow ballons and 3 green ballons. How many ballons does she have altogether?",,,11,,,82,3,,,,,,,
20818,2,1000824,FIB,amy keeps a total of 5 birds and dogs as pets. The pets have 14 legs altogether. How many dogs does she have?,,,1,,,83,3,,,,,,,
20819,3,1000825,FIB,12-…=1,,,11,,,62,1,,,,,,,
20820,3,1000826,FIB,17-…=4,,,13,,,63,1,,,,,,,
20821,3,1000827,FIB,10-…=4,,,6,,,64,1,,,,,,,
20822,3,1000828,FIB,18-…=3,,,15,,,65,1,,,,,,,
20823,3,1000829,FIB,…-16=2,,,18,,,66,1,,,,,,,
20824,3,1000830,FIB,…-99=99,,,99,,,67,1,,,,,,,
20825,3,1000831,FIB,…-13=6,,,19,,,68,1,,,,,,,
20826,3,1000832,FIB,…-13=2,,,15,,,69,1,,,,,,,
20827,11,1000833,FIB,2 less than 3 is…,,,1,,,21,1,,,,,,,
20828,11,1000834,FIB,2 less than 7 is…,,,5,,,22,1,,,,,,,
20829,11,1000835,FIB,6 less than 9 is…,,,3,,,23,1,,,,,,,
20830,11,1000836,FIB,1 less than 7 is…,,,6,,,48,2,,,,,,,
20831,11,1000837,FIB,4 less than ... Is 8,,,12,,,49,2,,,,,,,
20832,11,1000838,FIB,5 less than ... Is 5,,,10,,,50,2,,,,,,,
20833,11,1000839,FIB,…less than 7 is 4,,,3,,,51,2,,,,,,,
20834,11,1000840,FIB,…less than 5 is 2,,,3,,,52,2,,,,,,,
20835,3,1000841,FIB,Blanche bought 8 bars of chocolates. She ate some and had 3 bars of chocolates left. How may bars of chocolates did she eat?,,,5,,,71,3,,,,,,,
20836,3,1000842,FIB,fong bought 20 apples at supermarket. He ate 2 apples. How many apples were left?,,,18,,,72,3,,,,,,,
20837,3,1000843,FIB,toy shop has teddy bears for sale. 8 are brown teddy bears. There are 4 fewer white teddy bears than brown teddy bears. How many white teddy bears are there?,,,4,,,73,3,,,,,,,
20838,3,1000844,FIB,"during recess, 6 pupils bought noodles and 3 pupils bought hamburgers. How many fewer puipls bought hamburgers than noodles?",,,3,,,74,3,,,,,,,
20839,11,1000845,FIB,mother bought 4 apples. She bought 2 more oranges than apples. How many oranges did she buy?,,,6,,,60,3,,,,,,,
20840,11,1000846,FIB,robin sent 4 birthday cards to his friends in may. He sent 3 more cards in june than in may. How many friends celebrated their birthdays in june?,,,7,,,61,3,,,,,,,
20841,2,1000847,FIB,2+…=8,,,5,,,59,1,,,,,,,
20842,2,1000848,FIB,3+…=17,,,14,,,60,1,,,,,,,
20843,2,1000849,FIB,4+…=20,,,16,,,61,1,,,,,,,
20844,2,1000850,FIB,2+…=18,,,16,,,62,1,,,,,,,
20845,2,1000851,FIB,…+3=13,,,10,,,63,1,,,,,,,
20846,2,1000852,FIB,…+5=16,,,11,,,64,1,,,,,,,
20847,2,1000853,FIB,…+2=19,,,17,,,65,1,,,,,,,
20848,2,1000854,FIB,…+4=18,,,14,,,56,2,,,,,,,
20849,11,1000855,FIB,2 more than 3 is,,,5,,,53,2,,,,,,,
20850,11,1000856,FIB,2 more than 6 is,,,8,,,54,2,,,,,,,
20851,11,1000857,FIB,2 more than 1 is,,,3,,,55,2,,,,,,,
20852,11,1000858,FIB,13 more than 3 is,,,16,,,56,2,,,,,,,
20853,11,1000859,FIB,2 more than…is 5,,,3,,,57,2,,,,,,,
20854,11,1000860,FIB,1 more than…is 9,,,8,,,58,2,,,,,,,
20855,11,1000861,FIB,…more than 4 is 7,,,3,,,59,2,,,,,,,
20856,11,1000862,FIB,…more than 3 is 7,,,4,,,60,2,,,,,,,
20857,21,1000863,FIB,write number in word:9,,,nine,,,18,3,,,,,,,
20858,21,1000864,FIB,write number in word:22,,,twenty two,,,19,3,,,,,,,
20859,21,1000865,FIB,write number in word:10,,,ten,,,20,3,,,,,,,
20860,21,1000866,FIB,write number in word:1,,,one,,,21,3,,,,,,,
20861,21,1000867,FIB,write number in word:5,,,five,,,22,3,,,,,,,
20862,15,1000868,FIB,"fill in missing numbers:...,11,13,…,17",,,"9,15",,,20,3,,,,,,,
20863,15,1000869,FIB,"fill in missing numbers:…,14,15,…,17,…",,,"13,16,18",,,59,2,,,,,,,
20864,15,1000870,FIB,"fill in missing numbers:..,13,12,…,…,9",,,"14,11,10",,,60,2,,,,,,,
20865,15,1000871,FIB,"fill in missing numbers:19,…17,…,15,…",,,"18,16,14",,,61,2,,,,,,,
20866,15,1000872,FIB,"fill in missing numbers:8,…,…,17,20,…",,,"11,14,23",,,62,2,,,,,,,
20867,15,1000873,O,"arrange from smallest: 10, 11,14,8,12",,,"8,10,11,12,14","10,11,14,8,12",,63,2,,,,,,,
20868,15,1000874,O,"arrange from greatest: 10, 20,66,33,15",,,"66,33,20,15,10","10,20,66,33,15",,64,2,,,,,,,
20869,2,1000875,FIB,11 and 6 make,,,17,,,66,1,,,,,,,
20870,2,1000876,FIB,20 and 1 make,,,21,,,67,1,,,,,,,
20871,2,1000877,FIB,10 and 0 make,,,10,,,68,1,,,,,,,
20872,15,1000878,FIB,15 is same as…ten…ones,,,1 tens 5 ones,,,65,2,,,,,,,
20873,15,1000879,FIB,16 is same as…ten…ones,,,1tens 6 ones,,,66,2,,,,,,,
20874,15,1000880,FIB,33 is same as…ten…ones,,,3 tens 3 ones,,,67,2,,,,,,,
20875,15,1000881,FIB,…is same as 2ten and 0 one,,,20,,,68,2,,,,,,,
20876,15,1000882,FIB,…is same as 1ten and 9 one,,,19,,,69,2,,,,,,,
20877,2,1000883,FIB,15+4=…,,,19,,,69,1,,,,,,,
20878,2,1000884,FIB,22+2=…,,,24,,,70,1,,,,,,,
20879,2,1000885,FIB,23+6=…,,,29,,,71,1,,,,,,,
20880,2,1000886,FIB,13+0=…,,,13,,,72,1,,,,,,,
20881,2,1000887,FIB,14+6=…,,,20,,,73,1,,,,,,,
20882,11,1000888,FIB,1 more than 29 is…,,,30,,,24,1,,,,,,,
20883,11,1000889,FIB,3 less than 7 is…,,,4,,,25,1,,,,,,,
20884,11,1000890,FIB,…is 1 more than 14,,,15,,,26,1,,,,,,,
20885,11,1000891,FIB,…is 3 more than 14,,,17,,,27,1,,,,,,,
20886,11,1000892,FIB,julie has 22 cupcakes. Ben has 13 cupcakes. Helen has 7 cupcakes. Who has the most number of cupcakes?,,,julie,,,62,3,,,,,,,
20887,11,1000893,FIB,julie has 31 cupcakes. Ben has 13 cupcakes. Helen has 7 cupcakes. Who has the least number of cupcakes?,,,ben,,,63,3,,,,,,,
20888,2,1000894,FIB,there are 9 dolls in box. Susan puts 8 toy cars into same box. How many toys are there altogether?,,,17,,,84,3,,,,,,,
20889,2,1000895,FIB,"grace has 6 goldfish, 4 guppies and 9 angelfish. How many fishes does she have altogether?",,,19,,,85,3,,,,,,,
20890,3,1000896,FIB,jack had 19 stamps. He gave some to his brother and he had 15 stamps left. How many stamps did jack give to his brother?,,,4,,,75,3,,,,,,,
20891,3,1000897,FIB,10-8=…,,,2,,,70,1,,,,,,,
20892,21,1000898,FIB,write 19 in words,,,nineteen,,,64,2,,,,,,,
20893,21,1000899,FIB,write 0 in words,,,zero,,,65,2,,,,,,,
20894,3,1000900,FIB,59-7=…,,,52,,,71,1,,,,,,,
20895,2,1000901,FIB,29-4=…,,,25,,,74,1,,,,,,,
20896,2,1000902,FIB,2+18=…,,,20,,,75,1,,,,,,,
20897,2,1000903,FIB,3+15=…,,,18,,,76,1,,,,,,,
20898,3,1000904,FIB,22-12=…,,,10,,,72,1,,,,,,,
20899,2,1000905,FIB,wang made 7 teddy bears. He made 19 toy cars. How many toys did he make altogether?,,,26,,,86,3,,,,,,,
20900,21,1000906,FIB,write 99 in words,,,ninty nine,,,66,2,,,,,,,
20901,15,1000907,FIB,"fill in missing numbers:…,60,64,68,…,…,80",,,"56,72,76",,,70,2,,,,,,,
20902,11,1000908,FIB,88 is…less than 90,,,2,,,61,2,,,,,,,
20903,2,1000909,FIB,3+24=…,,,27,,,77,1,,,,,,,
20904,2,1000910,FIB,48+17=…,,,65,,,78,1,,,,,,,
20905,3,1000911,FIB,99-47=…,,,52,,,73,1,,,,,,,
20906,2,1000912,FIB,9+32=…,,,41,,,79,1,,,,,,,
20907,3,1000913,FIB,84-38=…,,,46,,,74,1,,,,,,,
20908,3,1000914,FIB,70-47=…,,,23,,,75,1,,,,,,,
20909,3,1000915,FIB,…-25=55,,,80,,,76,1,,,,,,,
20910,2,1000916,FIB,62+…=92,,,30,,,80,1,,,,,,,
20911,2,1000917,FIB,chan buys 35 apples. She also buys 27 oranges. How many fruits did she buy altogether?,,,62,,,87,3,,,,,,,
20912,11,1000918,FIB,There are 36 flowers. There are 16 more butterflies than flowers. How many butterflies are there?,butterfly.jpg,butterfly.jpg,52,,,64,3,,,,,,,
20913,11,1000919,FIB,osman has 49 stamps. He has 12 more stamps than david. How many stamps does david have?,,,37,,,65,3,,,,,,,
20914,2,1000920,FIB,the sum of 58 and 32 is…,,,90,,,57,2,,,,,,,
20915,21,1000921,FIB,write 86 in words,,,eighty six,,,67,2,,,,,,,
20916,3,1000922,FIB,50-…=44,,,16,,,77,1,,,,,,,
20917,2,1000923,FIB,55+34=…,,,89,,,81,1,,,,,,,
20918,3,1000924,FIB,88-51=…,,,37,,,78,1,,,,,,,
20919,2,1000925,FIB,79+27=…,,,106,,,82,1,,,,,,,
20920,3,1000926,FIB,62-46=…,,,16,,,79,1,,,,,,,
20921,15,1000927,O,"arrange numbers from greatest: 97,15,28,78",,,"97,78,28,15","97,15,28,78",,36,1,,,,,,,
20922,41,1000928,FIB,there are 18 balls. John puts them equally into 3 groups. How many balls in each group?,,,6,,,43,3,,,,,,,
20923,11,1000929,FIB,tan bought 39 pens on Monday. She bought 12 more pens on Tuesday. How many pens did she buy on Tuesday?,,,51,,,66,3,,,,,,,
20924,11,1000930,FIB,ali has 65 erasers. Mike has 20 fewer erasers than ali. How many erasers does mike have?,,,45,,,67,3,,,,,,,
20925,17,1000931,FIB,nora gave 10 boys some sweets. She gave each boy 3 sweets. How many sweets did she give altogether?,,,30,,,33,3,,,,,,,
20926,17,1000932,FIB,tork gave 10 lollipops to some pupils. If each pupil received 2 lollipops. How many pupils are there?,,,5,,,34,3,,,,,,,
20927,17,1000933,FIB,tork gave 20 lollipops to some pupils. If each pupil received 4 lollipops. How many pupils are there?,,,5,,,35,3,,,,,,,
20928,21,1000934,FIB,write 16 in words,,,sixteen,,,68,2,,,,,,,
20929,11,1000935,O,"arrange from smallest:50,0,90,14",,,"0,14,50,90","50,0,90,14",,28,1,,,,,,,
20930,12,1000936,FIB,"complete pattern:…,1,2,3,…,5,…,7",,,"0,4,6",,,17,1,,,,,,,
20931,2,1000937,FIB,12 and…is 20,,,8,,,83,1,,,,,,,
20932,2,1000938,FIB,…and 5 is 22,,,17,,,84,1,,,,,,,
20933,11,1000939,FIB,meling sold 9 cupcakes on Monday. She sold 10 more cupcakes on Tuesday than on Monday. How many cupcakes did she sell on Tuesday?,,,19,,,68,3,,,,,,,
20934,21,1000940,FIB,write 0 in words,,,zero,,,20,1,,,,,,,
20935,21,1000941,FIB,write 9 in words,,,nine,,,21,1,,,,,,,
20936,15,1000942,FIB,"fill in missing numbers: ...,3,…,5,6,7,…",,,"2,4,8",,,71,2,,,,,,,
20937,15,1000943,FIB,"fill in missing numbers: …,9,8,…,6,5,...",,,"10,7,4",,,72,2,,,,,,,
20938,11,1000944,O,"arrange from smallest:99,20,15,7",,,"7,15,20,99","99,20,15,7",,29,1,,,,,,,
20939,2,1000945,FIB,26+13+5=…,,,44,,,58,2,,,,,,,
20940,15,1000946,FIB,4 tens+5ones=…,,,45,,,73,2,,,,,,,
20941,3,1000947,FIB,…-16=41,,,57,,,59,2,,,,,,,
20942,21,1000948,FIB,write 75 in words,,,seventy five,,,69,2,,,,,,,
20943,15,1000949,O,"arrange from greatest: 77,9,45",,,"77,45,9","77,9,45",,74,2,,,,,,,
20944,2,1000950,FIB,38+9=…,,,49,,,85,1,,,,,,,
20945,3,1000951,FIB,79-13=…,,,66,,,80,1,,,,,,,
20946,3,1000952,FIB,66-4=…,,,62,,,81,1,,,,,,,
20947,2,1000953,FIB,Ali bought 19 burgers. Mohammed bought 8 burgers. How many burgers did the 2 boys buy altogether?,,,27,,,88,3,,,,,,,
20948,3,1000954,FIB,Giselle baked 29 cupcakes. She gave away 12 cupcakes to ashley and alexi. How many cupcakes did giselle have left?,,,17,,,76,3,,,,,,,
20949,3,1000955,FIB,57-5=…,,,52,,,60,2,,,,,,,
20950,41,1000956,FIB,There are 18 sweets. Alice arranged the sweets into groups of 2. how many groups are there?,,,9,,,44,3,,,,,,,
20951,21,1000957,FIB,write 77 in words,,,seventy seven,,,70,2,,,,,,,
20952,3,1000958,FIB,45-16=…,,,29,,,82,1,,,,,,,
20953,41,1000959,FIB,"leonard, sheldon and howard shared 30 lollipops equally. How many lollipops did each of them get?",,,10,,,45,3,,,,,,,
20954,12,1000960,FIB,"complete pattern:…,21,24,…,30,33,…,…",,,"18,27,36,39",,,18,2,,,,,,,
20955,17,1000961,FIB,Rose has 6 vases. Each vase contains 4 flowers. How many flowers does she have altogether?,yellow_flower.jpg,yellow_flower.jpg,24,,,36,3,,,,,,,
20956,41,1000962,FIB,there are 32 oranges. Lily packs them equally into 4 boxes. How many oranges are there in each box?,,,8,,,46,3,,,,,,,
20957,11,1000963,FIB,adam bought 20 bars of chocolate from a supermarket. Brad bought 12 bars of chocolate less than adam. How many bars of chocolate did brad buy?,,,8,,,69,3,,,,,,,
20958,13,1000964,FIB,gwen bought a movie ticket for $21. she was left with $5. how much did she have at first?,,,$26,,,26,3,,,,,,,
20959,17,1000965,FIB,steve has 9 bicycles in his shop. Each bicycle has 2 wheels. How many wheels are there altogether?,,,18,,,37,3,,,,,,,
20960,15,1000966,O,"arrange from greatest: 22,39,7,15",,,"39,22,15,7","22,39,7,15",,75,2,,,,,,,
20961,3,1000967,FIB,…-5=22,,,27,,,83,1,,,,,,,
20962,3,1000968,FIB,rachel had 26 stickers. She gave some stickers to her brother and had 10 stickers left. How many stickers did rachel give to her brother?,,,16,,,77,3,,,,,,,
20963,3,1000969,FIB,james has 30 ballons. He gives 6 ballons away. How many ballons are left?,,,24,,,78,3,,,,,,,
20964,41,1000970,FIB,"there are 20 kangaroos in zoo. If there are 4 kangaroos in each enclosure, how many enclosure are there?",,,5,,,47,3,,,,,,,
20965,15,1000971,FIB,"fill in missing : 88,83,79,…74,73",,,76,,,37,1,,,,,,,
20966,21,1000972,FIB,write 48 in words,,,forty eight,,,71,2,,,,,,,
20967,21,1000973,FIB,write sixty-two in numerals,,,62,,,72,2,,,,,,,
20968,2,1000974,FIB,34+45=…,,,79,,,86,1,,,,,,,
20969,3,1000975,FIB,82-22=80-…,,,20,,,84,1,,,,,,,
20970,15,1000976,FIB,49 ones=…tens 19ones,,,3,,,38,1,,,,,,,
20971,17,1000977,FIB,"isac is having a birthday party. He wants to give 1 goodie bag to each of his friends. If he has 9 friends, how many goodie bags does he need?",,,9,,,38,3,,,,,,,
20972,11,1000978,FIB,wong bought 38 books. She bought 9 more pens than books. How many pens did she buy?,,,47,,,70,3,,,,,,,
20973,11,1000979,FIB,wong bought 38 books. She bought 9 more pens than books. How many pens and books did she buy altogether?,,,85,,,71,3,,,,,,,
20974,11,1000980,FIB,19 less than 28 is…,,,9,,,30,1,,,,,,,
20975,2,1000981,FIB,28+…=35,,,7,,,59,2,,,,,,,
20976,2,1000982,FIB,6+19+4=…,,,29,,,87,1,,,,,,,
20977,21,1000983,FIB,write 37 in words,,,thirty seven,,,73,2,,,,,,,
20978,12,1000984,FIB,"complete pattern:23,26,29,…,35,…,...",,,"32,38,41",,,19,2,,,,,,,
20979,3,1000985,FIB,29-15=…,,,14,,,85,1,,,,,,,
20980,2,1000986,FIB,colleen baked 50 cookies. Aisha baked 7 fewer cookies than colleen. How many cookies did aisha bake?,cookies.jpg,cookies.jpg,43,,,89,3,,,,,,,
20981,2,1000987,FIB,may has 28 english books and 12 chinese books. How many books does she have in all?,,,40,,,90,3,,,,,,,
20982,17,1000988,FIB,4+4+4+4+4+4=…x4,,,6,,,71,2,,,,,,,
20983,41,1000989,FIB,There were 24 flowers in 3 vases. Billy broke a vase. He wants to put an equal number of flowers in the remaining vases. He must put…flowers in each vase.,pink_flower.png,pink_flower.png,12,,,48,3,,,,,,,
20984,17,1000990,FIB,There are 4 fish in a tank. How many fish are there in 3 such tanks?,,,12,,,39,3,,,,,,,
20985,41,1000991,FIB,Beth has a total of 18 balls. She wants to put all the balls equally into 3 baskets. In each basket there are… balls.,,,6,,,49,3,,,,,,,
20986,439,1000992,COD,Motion Exercise 1,,,1,,,0,1,0,,,,,,
20987,439,1000993,COD,Motion Exercise 2,,,1,,,0,1,0,,,,,,
20988,439,1000994,COD,Motion Exercise 3,,,1,,,0,1,0,,,,,,
20989,439,1000995,COD,Motion Exercise 4,,,1,,,0,1,0,,,,,,
20990,439,1000996,COD,Motion Exercise 5,,,1,,,0,1,0,,,,,,
20991,439,1000997,N,What is 1 more than 70?,,,71,,,1,1,1,,,,,,
20992,439,1000998,N,What is 1 more than 71?,,,72,,,2,1,1,,,,,,
20993,439,1000999,N,What is 1 more than 72?,,,73,,,3,1,1,,,,,,
20994,439,1001000,N,What is 1 more than 73?,,,74,,,4,1,1,,,,,,
20995,439,1001001,N,What is 1 more than 74?,,,75,,,5,1,1,,,,,,
20996,439,1001002,N,What is 1 more than 80?,,,81,,,1,2,1,,,,,,
20997,439,1001003,N,What is 1 more than 81?,,,82,,,2,2,1,,,,,,
20998,439,1001004,N,What is 1 more than 82?,,,83,,,3,2,1,,,,,,
20999,439,1001005,N,What is 1 more than 83?,,,84,,,4,2,1,,,,,,
21000,439,1001006,N,What is 1 more than 84?,,,85,,,5,2,1,,,,,,
21001,439,1001007,N,What is 1 more than 90?,,,91,,,1,3,1,,,,,,
21002,439,1001008,N,What is 1 more than 91?,,,92,,,2,3,1,,,,,,
21003,439,1001009,N,What is 1 more than 92?,,,93,,,3,3,1,,,,,,
21004,439,1001010,N,What is 1 more than 93?,,,94,,,4,3,1,,,,,,
21005,439,1001011,N,What is 1 more than 94?,,,95,,,5,3,1,,,,,,